location,source,target
both_ui/bind_mail0|0|7|0,認証コード送信,認証コード送信
both_ui/bind_mail0|0|8|0,連携,連携
both_ui/bind_mail0|0|10,メールアドレス:,メールアドレス:
both_ui/bind_mail1|0|5|0,認証コード送信,認証コード送信
both_ui/bind_mail1|0|6|0,連携,連携
both_ui/bind_mail1|0|8,メールアドレス:,メールアドレス:
both_ui/bind_yostar_mail|0|5|0,認証コード送信,認証コード送信
both_ui/bind_yostar_mail|0|6|0,連携,連携
both_ui/config|0|2,設定,設定
both_ui/config|0|4|1,ログアウト,ログアウト
both_ui/config|0|5|1,再起動,再起動
both_ui/config|0|7|0|0|1,BGM,BGM
both_ui/config|0|7|0|0|2|0,BGM,BGM
both_ui/config|0|7|0|0|3|0|0,メイン画面BGM,メイン画面BGM
both_ui/config|0|7|0|0|3|0|6|0|0|3,連続再生,連続再生
both_ui/config|0|7|0|0|3|0|6|1|0|3,ランダム再生,ランダム再生
both_ui/config|0|7|0|0|3|1|0,対局画面BGM,対局画面BGM
both_ui/config|0|7|0|0|3|1|6|0|0|3,連続再生,連続再生
both_ui/config|0|7|0|0|3|1|6|1|0|3,ランダム再生,ランダム再生
both_ui/config|0|7|0|0|4|0,SE,SE
both_ui/config|0|7|0|0|5|0,リーチBGM,リーチBGM
both_ui/config|0|7|0|0|6|0,VOICE,VOICE
both_ui/config|0|7|0|0|8|0,SP Voice,SP Voice
both_ui/config|0|7|0|1|0|0|3,高画質モード,高画質モード
both_ui/config|0|7|0|1|1|0|3,省エネモード,省エネモード
both_ui/config|0|7|0|1|3,モード,モード
both_ui/config|0|7|0|1|4,（再起動で適用）,（再起動で適用）
both_ui/config|0|7|0|2|0|0|3,中文(简体),中文(简体)
both_ui/config|0|7|0|2|1|0|3,中文(繁體),中文(繁體)
both_ui/config|0|7|0|2|4,（再起動で適用）,（再起動で適用）
both_ui/config|0|7|1|0|0,対局,対局
both_ui/config|0|7|1|0|1,打牌,打牌
both_ui/config|0|7|1|0|2|0|3,ワンクリック,ワンクリック
both_ui/config|0|7|1|0|3|0|3,ダブルタップ,ダブルタップ
both_ui/config|0|7|1|0|4|0|3,ダブルタップ打牌&ツモ切り,ダブルタップ打牌&ツモ切り
both_ui/config|0|7|1|1|0,コメント,コメント
both_ui/config|0|7|1|1|2|0|3,全員,全員
both_ui/config|0|7|1|1|3|0|3,友人のみ,友人のみ
both_ui/config|0|7|1|1|4|0|3,無効,無効
both_ui/config|0|7|1|2|0,TileSet,TileSet
both_ui/config|0|7|1|2|1,(Can only be set at homepage),(Can only be set at homepage)
both_ui/config|0|7|2|0|0,Voice,Voice
both_ui/config|0|7|3|0|0,その他,その他
both_ui/config|0|7|3|0|2|1,シリアルコード,シリアルコード
both_ui/config|0|7|3|0|3|1,役種一覧,役種一覧
both_ui/config|0|7|3|0|4|0|1,利用規約,利用規約
both_ui/config|0|7|3|0|4|1|1,特定商取引法,特定商取引法
both_ui/config|0|7|3|0|4|2|1,資金決済法,資金決済法
both_ui/config|0|7|3|0|4|3|1,プライバシーポリシー,プライバシーポリシー
both_ui/config|0|7|3|0|5|0|1,Contact Us,Contact Us
both_ui/config|0|7|3|0|5|1|1,TERMS OF SERVICE,TERMS OF SERVICE
both_ui/config|0|7|3|0|5|2|1,PRIVACY POLICY,PRIVACY POLICY
both_ui/config|0|7|3|0|6|1,お問い合わせ,お問い合わせ
both_ui/config|0|7|3|0|7|0|1,ソフトウェア利用許諾契約,ソフトウェア利用許諾契約
both_ui/config|0|7|3|2|0,アカウント設定,アカウント設定
both_ui/config|0|7|3|2|2|1|0|0,未認証,未認証
both_ui/config|0|7|3|2|2|1|1,（タップで連携設定できます）,（タップで連携設定できます）
both_ui/config|0|7|3|2|2|2|0,連携済み,連携済み
both_ui/config|0|7|3|2|3|0,手机认证：,手机认证：
both_ui/config|0|7|3|2|3|1|0|0,未验证,未验证
both_ui/config|0|7|3|2|3|1|1,（点击绑定）,（点击绑定）
both_ui/config|0|7|3|2|3|2|0,非登陆凭证,非登陆凭证
both_ui/config|0|7|3|2|3|2|1,(12******3456),(12******3456)
both_ui/config|0|7|3|2|3|2|3,解除绑定,解除绑定
both_ui/config|0|7|3|3|0,アカウント設定,アカウント設定
both_ui/config|0|7|3|3|2|1|0|0,連携,連携
both_ui/config|0|7|3|3|2|1|0|1,連携されていません,連携されていません
both_ui/config|0|7|3|3|2|2|1,（クリックで連携解除）,（クリックで連携解除）
both_ui/config|0|8|0|0,その他,その他
both_ui/config|0|8|1|0,VOICE,VOICE
both_ui/config|0|8|2|0,打牌タイプ,打牌タイプ
both_ui/config|0|8|3|0,一般,一般
both_ui/dmm_buy_pop|0|3|0,はい,はい
both_ui/dmm_buy_pop|0|4|0,いいえ,いいえ
both_ui/dmm_kefu|0|2,サポート窓口：https://mahjongsoul.com/feedback,サポート窓口：https://mahjongsoul.com/feedback
both_ui/dmm_kefu|0|3,お問い合わせ,お問い合わせ
both_ui/getreward|0|3,閉じる,閉じる
both_ui/gettitle|0|2,称号リストに入れました,称号リストに入れました
both_ui/gitfcode|0|2,シリアルコード,シリアルコード
both_ui/gitfcode|0|3,シリアルコードを入力してください,シリアルコードを入力してください
both_ui/gitfcode|0|5|0,はい,はい
both_ui/infolite|0|2|0,はい,はい
both_ui/infolite_title|0|2|0,はい,はい
both_ui/invite|0|1|0|0,5分間通知しない,5分間通知しない
both_ui/invite|0|2|0|0,いいえ,いいえ
both_ui/invite|0|3|0|0,参加,参加
both_ui/invite|0|4,友人対戦への招待,友人対戦への招待
both_ui/invite|0|8,3分後に拒否します,3分後に拒否します
both_ui/itemdetail|0|6|0,使用,使用
both_ui/itemdetail|0|7|0,入手方法：,入手方法：
both_ui/itemdetail|0|7|2|1|0|0,画面移動,画面移動
both_ui/itemdetail|0|7|3|1|0|0,画面移動,画面移動
both_ui/itemdetail|0|7|4|1|0|0,画面移動,画面移動
both_ui/itemdetail|0|7|5|1|0|0,画面移動,画面移動
both_ui/itemdetail|0|7|6|1|0|0,画面移動,画面移動
both_ui/mycard_pay_info|0|3|0,はい,はい
both_ui/need_bind_mail|0|2|0,立即绑定,立即绑定
both_ui/need_bind_mail|0|4,您先需要绑定并验证邮箱，才能进行付费,您先需要绑定并验证邮箱，才能进行付费
both_ui/otherplayerinfo|0|2|1|1,友人申請,友人申請
both_ui/otherplayerinfo|0|2|4|5|2,/,/
both_ui/otherplayerinfo|0|2|5|1|0,友人戦,友人戦
both_ui/otherplayerinfo|0|2|5|2|0,段位戦,段位戦
both_ui/otherplayerinfo|0|2|6|1|0|0|0,ハイライト,ハイライト
both_ui/otherplayerinfo|0|2|6|1|0|3,まだありません,まだありません
both_ui/otherplayerinfo|0|2|6|1|1|0,攻,攻
both_ui/otherplayerinfo|0|2|6|1|1|2,防,防
both_ui/otherplayerinfo|0|2|6|1|1|4,速,速
both_ui/otherplayerinfo|0|2|6|1|1|6,運,運
both_ui/otherplayerinfo|0|2|6|1|1|8|0,攻,攻
both_ui/otherplayerinfo|0|2|6|1|1|8|1,防,防
both_ui/otherplayerinfo|0|2|6|1|1|8|2,速,速
both_ui/otherplayerinfo|0|2|6|1|1|8|3,運,運
both_ui/otherplayerinfo|0|2|6|1|1|9|0,スタイル,スタイル
both_ui/otherplayerinfo|0|2|6|1|2|6,4,4
both_ui/otherplayerinfo|0|2|6|1|2|6|0,位,位
both_ui/otherplayerinfo|0|2|6|1|2|7,3,3
both_ui/otherplayerinfo|0|2|6|1|2|7|0,位,位
both_ui/otherplayerinfo|0|2|6|1|2|8,2,2
both_ui/otherplayerinfo|0|2|6|1|2|8|0,位,位
both_ui/otherplayerinfo|0|2|6|1|2|9,1,1
both_ui/otherplayerinfo|0|2|6|1|2|9|0,位,位
both_ui/otherplayerinfo|0|2|6|1|2|10|0,対戦記録,対戦記録
both_ui/otherplayerinfo|0|2|6|1|3|0|0,対戦詳細,対戦詳細
both_ui/otherplayerinfo|0|2|6|1|4|0|2,東風戦,東風戦
both_ui/otherplayerinfo|0|2|6|1|4|1|0,一位率,一位率
both_ui/otherplayerinfo|0|2|6|1|4|1|2,二位率,二位率
both_ui/otherplayerinfo|0|2|6|1|4|1|4,三位率,三位率
both_ui/otherplayerinfo|0|2|6|1|4|1|6|0,四位率,四位率
both_ui/otherplayerinfo|0|2|6|1|4|1|7|0,飛び率,飛び率
both_ui/otherplayerinfo|0|2|6|1|4|1|8,対戦数,対戦数
both_ui/otherplayerinfo|0|2|6|1|4|1|10,平均和了,平均和了
both_ui/otherplayerinfo|0|2|6|1|4|1|12,平均順位,平均順位
both_ui/otherplayerinfo|0|2|6|1|4|1|14,最大連荘,最大連荘
both_ui/otherplayerinfo|0|2|6|1|4|1|16,和了巡数,和了巡数
both_ui/otherplayerinfo|0|2|6|1|4|1|18,和了率,和了率
both_ui/otherplayerinfo|0|2|6|1|4|1|20,ツモ率,ツモ率
both_ui/otherplayerinfo|0|2|6|1|4|1|22,放銃率,放銃率
both_ui/otherplayerinfo|0|2|6|1|4|1|24,副露率,副露率
both_ui/otherplayerinfo|0|2|6|1|4|1|26,立直率,立直率
both_ui/otherplayerinfo|0|2|6|1|5|0|2,半荘戦,半荘戦
both_ui/otherplayerinfo|0|2|6|1|5|1|0,一位率,一位率
both_ui/otherplayerinfo|0|2|6|1|5|1|2,二位率,二位率
both_ui/otherplayerinfo|0|2|6|1|5|1|4,三位率,三位率
both_ui/otherplayerinfo|0|2|6|1|5|1|6|0,四位率,四位率
both_ui/otherplayerinfo|0|2|6|1|5|1|7|0,飛び率,飛び率
both_ui/otherplayerinfo|0|2|6|1|5|1|8,対戦数,対戦数
both_ui/otherplayerinfo|0|2|6|1|5|1|10,平均和了,平均和了
both_ui/otherplayerinfo|0|2|6|1|5|1|12,平均順位,平均順位
both_ui/otherplayerinfo|0|2|6|1|5|1|14,最大連荘,最大連荘
both_ui/otherplayerinfo|0|2|6|1|5|1|16,和了巡数,和了巡数
both_ui/otherplayerinfo|0|2|6|1|5|1|18,和了率,和了率
both_ui/otherplayerinfo|0|2|6|1|5|1|20,ツモ率,ツモ率
both_ui/otherplayerinfo|0|2|6|1|5|1|22,放銃率,放銃率
both_ui/otherplayerinfo|0|2|6|1|5|1|24,副露率,副露率
both_ui/otherplayerinfo|0|2|6|1|5|1|26,立直率,立直率
both_ui/otherplayerinfo|0|2|6|1|6|0|2,役達成回数,役達成回数
both_ui/otherplayerinfo|0|2|6|1|7|0|2,ローカル役達成回数,ローカル役達成回数
both_ui/otherplayerinfo|0|3|1,コメントがありません,コメントがありません
both_ui/otherplayerinfo|0|3|3|0|0,送信,送信
both_ui/otherplayerinfo|0|3|4,プレイヤーはコメント機能を友人のみ有効にしています。,プレイヤーはコメント機能を友人のみ有効にしています。
both_ui/otherplayerinfo|0|3|6|1|4|0|0,最近,最近
both_ui/otherplayerinfo|0|3|6|1|4|0|2,全部,全部
both_ui/otherplayerinfo|0|3|8|2,挨拶がありません,挨拶がありません
both_ui/otherplayerinfo|0|3|8|3,挨拶,挨拶
both_ui/otherplayerinfo|0|5|0,4人戦,4人戦
both_ui/otherplayerinfo|0|6|0,3人戦,3人戦
both_ui/otherplayerinfo|0|7|0,コメント,コメント
both_ui/otherplayerinfo_en|0|2|1|1,友人申請,友人申請
both_ui/otherplayerinfo_en|0|2|4|5|2,/,/
both_ui/otherplayerinfo_en|0|2|5|1|0,友人戦,友人戦
both_ui/otherplayerinfo_en|0|2|5|2|0,段位戦,段位戦
both_ui/otherplayerinfo_en|0|2|6|1|0|0|0,ハイライト,ハイライト
both_ui/otherplayerinfo_en|0|2|6|1|0|3,まだありません,まだありません
both_ui/otherplayerinfo_en|0|2|6|1|1|0,攻,攻
both_ui/otherplayerinfo_en|0|2|6|1|1|2,防,防
both_ui/otherplayerinfo_en|0|2|6|1|1|4,速,速
both_ui/otherplayerinfo_en|0|2|6|1|1|6,運,運
both_ui/otherplayerinfo_en|0|2|6|1|1|8|0,攻,攻
both_ui/otherplayerinfo_en|0|2|6|1|1|8|1,防,防
both_ui/otherplayerinfo_en|0|2|6|1|1|8|2,速,速
both_ui/otherplayerinfo_en|0|2|6|1|1|8|3,運,運
both_ui/otherplayerinfo_en|0|2|6|1|1|9|0,スタイル,スタイル
both_ui/otherplayerinfo_en|0|2|6|1|2|6,4,4
both_ui/otherplayerinfo_en|0|2|6|1|2|6|0,位,位
both_ui/otherplayerinfo_en|0|2|6|1|2|7,3,3
both_ui/otherplayerinfo_en|0|2|6|1|2|7|0,位,位
both_ui/otherplayerinfo_en|0|2|6|1|2|8,2,2
both_ui/otherplayerinfo_en|0|2|6|1|2|8|0,位,位
both_ui/otherplayerinfo_en|0|2|6|1|2|9,1,1
both_ui/otherplayerinfo_en|0|2|6|1|2|9|0,位,位
both_ui/otherplayerinfo_en|0|2|6|1|2|10|0,対戦記録,対戦記録
both_ui/otherplayerinfo_en|0|2|6|1|3|0|0,対戦詳細,対戦詳細
both_ui/otherplayerinfo_en|0|2|6|1|4|0|2,東風戦,東風戦
both_ui/otherplayerinfo_en|0|2|6|1|4|1|0,一位率,一位率
both_ui/otherplayerinfo_en|0|2|6|1|4|1|2,二位率,二位率
both_ui/otherplayerinfo_en|0|2|6|1|4|1|4,三位率,三位率
both_ui/otherplayerinfo_en|0|2|6|1|4|1|6|0,四位率,四位率
both_ui/otherplayerinfo_en|0|2|6|1|4|1|7|0,飛び率,飛び率
both_ui/otherplayerinfo_en|0|2|6|1|4|1|8,対戦数,対戦数
both_ui/otherplayerinfo_en|0|2|6|1|4|1|10,平均和了,平均和了
both_ui/otherplayerinfo_en|0|2|6|1|4|1|12,平均順位,平均順位
both_ui/otherplayerinfo_en|0|2|6|1|4|1|14,最大連荘,最大連荘
both_ui/otherplayerinfo_en|0|2|6|1|4|1|16,和了巡数,和了巡数
both_ui/otherplayerinfo_en|0|2|6|1|4|1|18,和了率,和了率
both_ui/otherplayerinfo_en|0|2|6|1|4|1|20,ツモ率,ツモ率
both_ui/otherplayerinfo_en|0|2|6|1|4|1|22,放銃率,放銃率
both_ui/otherplayerinfo_en|0|2|6|1|4|1|24,副露率,副露率
both_ui/otherplayerinfo_en|0|2|6|1|4|1|26,立直率,立直率
both_ui/otherplayerinfo_en|0|2|6|1|5|0|2,半荘戦,半荘戦
both_ui/otherplayerinfo_en|0|2|6|1|5|1|0,一位率,一位率
both_ui/otherplayerinfo_en|0|2|6|1|5|1|2,二位率,二位率
both_ui/otherplayerinfo_en|0|2|6|1|5|1|4,三位率,三位率
both_ui/otherplayerinfo_en|0|2|6|1|5|1|6|0,四位率,四位率
both_ui/otherplayerinfo_en|0|2|6|1|5|1|7|0,飛び率,飛び率
both_ui/otherplayerinfo_en|0|2|6|1|5|1|8,対戦数,対戦数
both_ui/otherplayerinfo_en|0|2|6|1|5|1|10,平均和了,平均和了
both_ui/otherplayerinfo_en|0|2|6|1|5|1|12,平均順位,平均順位
both_ui/otherplayerinfo_en|0|2|6|1|5|1|14,最大連荘,最大連荘
both_ui/otherplayerinfo_en|0|2|6|1|5|1|16,和了巡数,和了巡数
both_ui/otherplayerinfo_en|0|2|6|1|5|1|18,和了率,和了率
both_ui/otherplayerinfo_en|0|2|6|1|5|1|20,ツモ率,ツモ率
both_ui/otherplayerinfo_en|0|2|6|1|5|1|22,放銃率,放銃率
both_ui/otherplayerinfo_en|0|2|6|1|5|1|24,副露率,副露率
both_ui/otherplayerinfo_en|0|2|6|1|5|1|26,立直率,立直率
both_ui/otherplayerinfo_en|0|2|6|1|6|0|2,役達成回数,役達成回数
both_ui/otherplayerinfo_en|0|2|6|1|7|0|2,ローカル役達成回数,ローカル役達成回数
both_ui/otherplayerinfo_en|0|3|1,コメントがありません,コメントがありません
both_ui/otherplayerinfo_en|0|3|3|0|0,送信,送信
both_ui/otherplayerinfo_en|0|3|4,プレイヤーはコメント機能を友人のみ有効にしています。,プレイヤーはコメント機能を友人のみ有効にしています。
both_ui/otherplayerinfo_en|0|3|6|1|4|0|0,最近,最近
both_ui/otherplayerinfo_en|0|3|6|1|4|0|2,全部,全部
both_ui/otherplayerinfo_en|0|3|8|2,挨拶がありません,挨拶がありません
both_ui/otherplayerinfo_en|0|3|8|3,挨拶,挨拶
both_ui/otherplayerinfo_en|0|5|0,4人戦,4人戦
both_ui/otherplayerinfo_en|0|6|0,3人戦,3人戦
both_ui/otherplayerinfo_en|0|7|0,コメント,コメント
both_ui/popwindow|0|4|0,確認,確認
both_ui/popwindow|1|2|0,確認,確認
both_ui/report_nickname|0|2,不適切な書き込みを発見した際は、カスタムサポートにご報告いただきますようお願いします,不適切な書き込みを発見した際は、カスタムサポートにご報告いただきますようお願いします
both_ui/report_nickname|0|3|0,報告,報告
both_ui/report_nickname|0|4|0,いいえ,いいえ
both_ui/report_nickname|0|5,プレイヤー名を報告,プレイヤー名を報告
both_ui/report_success|0|2,雀士様からのご報告を承りました。ゲーム環境維持にご協力いただき、誠にありがとうございます。,雀士様からのご報告を承りました。ゲーム環境維持にご協力いただき、誠にありがとうございます。
both_ui/report_success|0|3|0,閉じる,閉じる
both_ui/report_success|0|4,報告完了,報告完了
both_ui/rules|1|1|0|0|2,一飜,一飜
both_ui/rules|1|1|0|1|2,二飜,二飜
both_ui/rules|1|1|0|2|2,三飜,三飜
both_ui/rules|1|1|0|3|2,六飜,六飜
both_ui/rules|1|1|0|4|2,満貫,満貫
both_ui/rules|1|1|0|5|2,役満,役満
both_ui/rules|1|1|0|6|2,ダブル役満,ダブル役満
both_ui/rules|1|1|0|7|2,流局,流局
both_ui/rules|1|1|1|0|0|2,門前清のみ,門前清のみ
both_ui/rules|1|4|0,役種一覧,役種一覧
both_ui/rules|1|5|0,チュートリアル,チュートリアル
both_ui/rules_en|1|1|0|0|2,一飜,一飜
both_ui/rules_en|1|1|0|1|2,二飜,二飜
both_ui/rules_en|1|1|0|2|2,三飜,三飜
both_ui/rules_en|1|1|0|3|2,六飜,六飜
both_ui/rules_en|1|1|0|4|2,満貫,満貫
both_ui/rules_en|1|1|0|5|2,役満,役満
both_ui/rules_en|1|1|0|6|2,ダブル役満,ダブル役満
both_ui/rules_en|1|1|0|7|2,流局,流局
both_ui/rules_en|1|1|1|0|0|2,門前清のみ,門前清のみ
both_ui/rules_en|1|4|0,役種一覧,役種一覧
both_ui/rules_en|1|5|0,チュートリアル,チュートリアル
both_ui/secondconfirm|0|3|0,はい,はい
both_ui/secondconfirm|0|4|0,いいえ,いいえ
both_ui/unbind_phone|0|2,解除绑定,解除绑定
both_ui/unbind_phone|0|5|0,发送验证码,发送验证码
both_ui/unbind_phone|0|6|0,解除绑定,解除绑定
both_ui/unbind_phone|0|9,注意！解除手机绑定以后该账号将永久冻结，无法登录和使用，请确认以后再进行操作！该操作不可撤销！,注意！解除手机绑定以后该账号将永久冻结，无法登录和使用，请确认以后再进行操作！该操作不可撤销！
both_ui/unbind_yostar_mail|0|2,連携解除,連携解除
both_ui/unbind_yostar_mail|0|5|0,認証コード送信,認証コード送信
both_ui/unbind_yostar_mail|0|6|0,解除,解除
common/android_change|0|2|0,好的，走起,好的，走起
common/android_change|0|3|0,再等等,再等等
common/android_change|0|4,好消息！好消息！,好消息！好消息！
common/android_change|0|5,雀魂全新安卓App已在官网开放下载\\n        *更流畅的体验\\n        *更低的耗电\\n        *更少的流量\\n        *更好的全面屏适配,雀魂全新安卓App已在官网开放下载\\n        *更流畅的体验\\n        *更低的耗电\\n        *更少的流量\\n        *更好的全面屏适配
common/android_change|0|6,是否立即前往官网下载？,是否立即前往官网下载？
common/anotherlogin|0|2|0,確認,確認
common/anotherlogin|0|3,他の場所でログインされました,他の場所でログインされました
common/bind_phone0|0|2,绑定手机,绑定手机
common/bind_phone0|0|7|0,发送验证码,发送验证码
common/bind_phone0|0|8,手机号码：,手机号码：
common/bind_phone0|0|8|0,1,1
common/bind_phone0|0|9,根据网络游戏实名制的相关规定要求，请绑定手机完成认证。,根据网络游戏实名制的相关规定要求，请绑定手机完成认证。
common/bind_phone0|0|10,当前账号昵称:,当前账号昵称:
common/bind_phone0|0|11,暂无昵称,暂无昵称
common/bind_phone0|0|12|0,绑定,绑定
common/bind_phone0|0|13|0,登出账号,登出账号
common/bind_phone1|0|2,绑定手机,绑定手机
common/bind_phone1|0|5|0,发送验证码,发送验证码
common/bind_phone1|0|6|0,绑定,绑定
common/bind_phone1|0|7,手机号码：,手机号码：
common/bind_phone1|0|7|0,28******@qq.com,28******@qq.com
common/bind_phone1|0|8,根据网络游戏实名制的相关规定要求，请绑定手机完成认证。,根据网络游戏实名制的相关规定要求，请绑定手机完成认证。
common/bind_phone1|0|9,当前账号昵称:,当前账号昵称:
common/bind_phone1|0|10,暂无昵称,暂无昵称
common/bind_phone1|0|11|0,登出账号,登出账号
common/bind_phone2|0|2,创建手机通行证,创建手机通行证
common/bind_phone2|0|5,手机号码：,手机号码：
common/bind_phone2|0|5|0,1,1
common/bind_phone2|0|6|0,创建,创建
common/bind_phone2|0|7|0,取消,取消
common/canot_create_phone_account|0|2,信息,信息
common/canot_create_phone_account|0|3|0,了解了,了解了
common/canot_create_phone_account|0|4,该手机号已经创建过通行证，无法为本账号创建通行证，仅作为手机实名信息使用。,该手机号已经创建过通行证，无法为本账号创建通行证，仅作为手机实名信息使用。
common/canot_create_phone_account|0|5,您无法使用该手机号来登录或找回账号。,您无法使用该手机号来登录或找回账号。
common/closeapp|0|2,ゲームを終了しますか,ゲームを終了しますか
common/closeapp|0|3|0,はい,はい
common/closeapp|0|4|0,いいえ,いいえ
common/create_phone_account|0|2,创建手机通行证,创建手机通行证
common/create_phone_account|0|3|0,创建,创建
common/create_phone_account|0|4,是否使用该手机号创建一个通行证?\\n创建成功后您可以使用手机号和密码来登陆游戏，也可以通过该手机号来找回该账号。\\n每个手机号只能创建一个通行证。,是否使用该手机号创建一个通行证?\\n创建成功后您可以使用手机号和密码来登陆游戏，也可以通过该手机号来找回该账号。\\n每个手机号只能创建一个通行证。
common/create_phone_account|0|5|0,不用了,不用了
common/create_phone_account_success|0|2,成功,成功
common/create_phone_account_success|0|3|0,好的,好的
common/create_phone_account_success|0|4,创建手机号通行证成功。,创建手机号通行证成功。
common/create_phone_account_success|0|5,(密码与账号/邮箱通行证的密码一致),(密码与账号/邮箱通行证的密码一致)
common/disconnect|1|2,接続が切断されました。再接続しています,接続が切断されました。再接続しています
common/errorinfo|1|4|1,再起動,再起動
common/guajichenfa|0|2|0,確認,確認
common/hangup_logout|0|2|0,確認,確認
common/hangup_logout|0|3,長時間無操作のため、接続が切断されました。,長時間無操作のため、接続が切断されました。
common/loading|5|1,/,/
common/preventaddiction|0|0,-,-
common/preventaddiction|0|1,-,-
common/preventaddiction|1|0,累計オンライン時間,累計オンライン時間
common/reconnect|2,対戦中の対局があります,対戦中の対局があります
common/reconnect|3|0,再接続,再接続
common/shimingrenzheng|0|0|2,本人確認,本人確認
common/shimingrenzheng|0|1|1,本人確認,本人確認
common/shimingrenzheng|0|2,-,-
common/shimingrenzheng|0|3,-,-
common/shimingrenzheng|0|4,-,-
common/shimingrenzheng|0|5,-,-
common/shimingrenzheng|0|6,-,-
common/shimingrenzheng|0|7,-,-
common/user_xieyi|0|0|2,ソフトウェア利用許諾契約,ソフトウェア利用許諾契約
common/user_xieyi|0|1|1,同意する,同意する
common/user_xieyi|0|3|1,前のページ,前のページ
common/user_xieyi|0|4|1,次のページ,次のページ
common/user_xieyi_dmm|0|4|1,同意,同意
common/user_xieyi_dmm|0|5|1,拒否,拒否
common/user_xieyi_enjp|0|1,用户协议,用户协议
entrance/account_prohibition|0|0|2|0,確認,確認
entrance/change_language|0|2|0,確認,確認
entrance/change_language|0|3|0,いいえ,いいえ
entrance/change_language|0|4|0|3,中文(简体),中文(简体)
entrance/change_language|0|4|1|3,中文(繁體),中文(繁體)
entrance/chooseserver|0|2,选择服务器,选择服务器
entrance/chooseserver|0|4,输入服务器地址：,输入服务器地址：
entrance/chooseserver|0|5,47.245.59.187:7891,47.245.59.187:7891
entrance/choose_language|0|0,更改语言:,更改语言:
entrance/choose_language|2,当前语言：简体中文,当前语言：简体中文
entrance/choose_route|0|0|2,サーバーを選択してください,サーバーを選択してください
entrance/entrance|1|2|0|3|2,パスワード,パスワード
entrance/entrance|1|2|0|4|0,登録,登録
entrance/entrance|1|2|0|5|0,パスワードを忘れた,パスワードを忘れた
entrance/entrance|1|2|1|1|3,次回から自動でログインする,次回から自動でログインする
entrance/entrance|1|2|2|0,他のサービスIDでログイン,他のサービスIDでログイン
entrance/entrance|1|2|3|1|3,次回から自動でログインする,次回から自動でログインする
entrance/entrance|1|3,Chromeの使用をおすすめします,Chromeの使用をおすすめします
entrance/entrance|1|4|1,ログイン中,ログイン中
entrance/entrance|1|4|3|1,ログアウト,ログアウト
entrance/entrance|1|5|1,ホーム画面に追加,ホーム画面に追加
entrance/entrance|2|0|0|2,Yostar ログイン,Yostar ログイン
entrance/entrance|2|0|2|2,使用不可,使用不可
entrance/entrance|2|0|4|2,コードを受け取る,コードを受け取る
entrance/entrance|2|0|5|3|0,《雀魂利用規約》,《雀魂利用規約》
entrance/entrance|2|0|5|3|1,、,、
entrance/entrance|2|0|5|3|2,《プライバシーポリシー》,《プライバシーポリシー》
entrance/entrance|2|0|5|3|3,に同意する,に同意する
entrance/entrance|2|0|5|4|0,Agree to the,Agree to the
entrance/entrance|2|0|5|4|1,TERMS OF SERVICE,TERMS OF SERVICE
entrance/entrance|2|0|5|4|2,and,and
entrance/entrance|2|0|5|4|3,PRIVACY POLICY,PRIVACY POLICY
entrance/entrance|2|0|7,※メールアドレスを入力してください,※メールアドレスを入力してください
entrance/entrance|2|0|8,※メールアドレスに送信されるコードを入力してください,※メールアドレスに送信されるコードを入力してください
entrance/entrance|4|1|0,简体中文,简体中文
entrance/error_info|0|0|2|0,確認,確認
entrance/ios_webview_update|0|1,新しいバージョンの更新があります。公式サイトでダウンロードしてください,新しいバージョンの更新があります。公式サイトでダウンロードしてください
entrance/mail_regist|0|0|1,登録,登録
entrance/mail_regist|0|0|2|0,SNSアカウントで登録,SNSアカウントで登録
entrance/mail_regist|0|0|9|3,雀魂ソフトウェア利用許諾契約,雀魂ソフトウェア利用許諾契約
entrance/mail_regist|0|0|10|5,、,、
entrance/mail_regist|0|0|11|0,認証コード送信,認証コード送信
entrance/mail_regist|1|1|1,サーバー接続中,サーバー接続中
entrance/maintenance|0|0|2|0,閉じる,閉じる
entrance/remind|0,健康游戏公告,健康游戏公告
entrance/remind|0|0,抵制不良游戏，拒绝盗版游戏,抵制不良游戏，拒绝盗版游戏
entrance/remind|0|1,注意自我保护，谨防上当受骗,注意自我保护，谨防上当受骗
entrance/remind|0|2,适度游戏益脑，沉迷游戏伤身,适度游戏益脑，沉迷游戏伤身
entrance/remind|0|3,合理安排时间，享受健康生活,合理安排时间，享受健康生活
entrance/remind|1,区区 立直棒 就送给你了,区区 立直棒 就送给你了
entrance/remind|2,——--,——--
entrance/remind|3,满贯,满贯
entrance/remind|4,跳满,跳满
entrance/remind|5,倍满,倍满
entrance/remind|6,役满,役满
entrance/remind|7,2/10,2/10
entrance/reset_password|0|0|1|0|0,送信,送信
entrance/reset_password|0|0|2|0|0,確認,確認
entrance/reset_password_phone2|0|2|0,確認,確認
entrance/reset_password_phone2|0|10|0,認証コード送信,認証コード送信
lobby/activity|0|3|1|1|0|0,受け取る,受け取る
lobby/activity|0|3|1|2|0|0,削除,削除
lobby/activity|0|3|2,メールがありません,メールがありません
lobby/activity|0|4|2,開催中のイベントがありません,開催中のイベントがありません
lobby/activitys/activitybase|0|0|1|1|3,コイン,コイン
lobby/activitys/activitybase|0|0|1|1|4,復活コイン,復活コイン
lobby/activitys/activitybase|0|0|1|1|9,受取済,受取済
lobby/activitys/activity_duanwu_rank|0|0|4,受取済,受取済
lobby/activitys/activity_duanwu_rank|0|4,现在还没有人上榜哦！冲鸭！,现在还没有人上榜哦！冲鸭！
lobby/activitys/activity_exchange|0|0|1|1|5|0|0,交換,交換
lobby/activitys/activity_exchange|0|0|1|1|8,受取済,受取済
lobby/activitys/activity_exchange_zhongxia|0|0|1|1|5|0|0,交換,交換
lobby/activitys/activity_exchange_zhongxia|0|0|1|1|8,受取済,受取済
lobby/activitys/activity_guoqing|0|0|12|0|1|1,/,/
lobby/activitys/activity_jiuji|0|0,復活コイン,復活コイン
lobby/activitys/activity_jiuji|0|1|1|3,コイン,コイン
lobby/activitys/activity_jiuji|0|1|1|4,復活コイン,復活コイン
lobby/activitys/activity_jiuji|0|1|1|6,枚,枚
lobby/activitys/activity_jiuji|0|1|1|10,受取済,受取済
lobby/activitys/activity_task|0|0|1|1|3,コイン,コイン
lobby/activitys/activity_task|0|0|1|1|8,受取済,受取済
lobby/activitys/activity_task_newyear|0|0|1|1|3,对局中每次达成特定番型都可获得红灯笼,对局中每次达成特定番型都可获得红灯笼
lobby/activitys/activity_task_newyear|0|0|1|1|4,收集,收集
lobby/activitys/activity_task_newyear|0|0|1|1|4|0,红灯笼,红灯笼
lobby/activitys/activity_task_newyear|0|0|1|1|6|0,红灯笼×1,红灯笼×1
lobby/activitys/activity_task_newyear|0|0|1|1|6|2,立直、门前清自摸和、平和、一杯口,立直、门前清自摸和、平和、一杯口
lobby/activitys/activity_task_newyear|0|0|1|1|7|0,红灯笼×2,红灯笼×2
lobby/activitys/activity_task_newyear|0|0|1|1|7|2,七对子,七对子
lobby/activitys/activity_task_newyear|0|0|1|1|8|0,红灯笼×4,红灯笼×4
lobby/activitys/activity_task_newyear|0|0|1|1|8|2,两立直、二杯口,两立直、二杯口
lobby/activitys/activity_task_newyear|0|0|1|1|9|0,红灯笼×8,红灯笼×8
lobby/activitys/activity_task_newyear|0|0|1|1|9|2,天和、地和、四暗刻、四暗刻单骑、\\n国士无双、国士无双十三面、\\n九莲宝灯、纯正九莲宝灯,天和、地和、四暗刻、四暗刻单骑、\\n国士无双、国士无双十三面、\\n九莲宝灯、纯正九莲宝灯
lobby/activitys/activity_task_zhongxia|0|0|1|1|3,风铃,风铃
lobby/activitys/activity_task_zhongxia|0|0|1|1|4,对局中每次达成特定番型都可获得红灯笼,对局中每次达成特定番型都可获得红灯笼
lobby/activitys/activity_task_zhongxia|0|0|1|1|5,今日获得,今日获得
lobby/activitys/activity_task_zhongxia|0|0|1|1|6,15,15
lobby/activitys/activity_task_zhongxia|0|0|1|1|7,/30,/30
lobby/activitys/activity_task_zhongxia|0|0|1|1|9|0,红灯笼×1,红灯笼×1
lobby/activitys/activity_task_zhongxia|0|0|1|1|9|2,立直、门前清自摸和、平和、一杯口,立直、门前清自摸和、平和、一杯口
lobby/activitys/activity_task_zhongxia|0|0|1|1|10|0,红灯笼×1,红灯笼×1
lobby/activitys/activity_task_zhongxia|0|0|1|1|10|2,立直、门前清自摸和、平和、一杯口,立直、门前清自摸和、平和、一杯口
lobby/activitys/activity_task_zhongxia|0|0|1|1|11|0,红灯笼×1,红灯笼×1
lobby/activitys/activity_task_zhongxia|0|0|1|1|11|2,立直、门前清自摸和、平和、一杯口,立直、门前清自摸和、平和、一杯口
lobby/activitys/activity_task_zhongxia|0|0|1|1|12|0,红灯笼×1,红灯笼×1
lobby/activitys/activity_task_zhongxia|0|0|1|1|12|2,立直、门前清自摸和、平和、一杯口,立直、门前清自摸和、平和、一杯口
lobby/activitys/activity_task_zhongxia|0|0|2|1|3,风铃,风铃
lobby/activitys/activity_task_zhongxia|0|0|2|1|4,对局中每次达成特定番型都可获得红灯笼,对局中每次达成特定番型都可获得红灯笼
lobby/activitys/activity_task_zhongxia|0|0|2|1|5,今日获得,今日获得
lobby/activitys/activity_task_zhongxia|0|0|2|1|6,15,15
lobby/activitys/activity_task_zhongxia|0|0|2|1|7,/30,/30
lobby/activitys/activity_task_zhongxia|0|0|2|1|9|0,红灯笼×1,红灯笼×1
lobby/activitys/activity_task_zhongxia|0|0|2|1|9|2,立直、门前清自摸和、平和、一杯口,立直、门前清自摸和、平和、一杯口
lobby/activitys/activity_task_zhongxia|0|0|2|1|10|0,红灯笼×1,红灯笼×1
lobby/activitys/activity_task_zhongxia|0|0|2|1|10|2,立直、门前清自摸和、平和、一杯口,立直、门前清自摸和、平和、一杯口
lobby/activitys/activity_task_zhongxia|0|0|2|1|11|0,红灯笼×1,红灯笼×1
lobby/activitys/activity_task_zhongxia|0|0|2|1|11|2,立直、门前清自摸和、平和、一杯口,立直、门前清自摸和、平和、一杯口
lobby/activitys/activity_task_zhongxia|0|0|2|1|12|0,红灯笼×1,红灯笼×1
lobby/activitys/activity_task_zhongxia|0|0|2|1|12|2,立直、门前清自摸和、平和、一杯口,立直、门前清自摸和、平和、一杯口
lobby/activitys/activity_task_zhongxia|0|0|3|1|3,风铃,风铃
lobby/activitys/activity_task_zhongxia|0|0|3|1|4,对局中每次达成特定番型都可获得红灯笼,对局中每次达成特定番型都可获得红灯笼
lobby/activitys/activity_task_zhongxia|0|0|3|1|5,今日获得,今日获得
lobby/activitys/activity_task_zhongxia|0|0|3|1|6,15,15
lobby/activitys/activity_task_zhongxia|0|0|3|1|7,/30,/30
lobby/activitys/activity_task_zhongxia|0|0|3|1|9|0,红灯笼×1,红灯笼×1
lobby/activitys/activity_task_zhongxia|0|0|3|1|9|2,立直、门前清自摸和、平和、一杯口,立直、门前清自摸和、平和、一杯口
lobby/activitys/activity_task_zhongxia|0|0|3|1|10|0,红灯笼×1,红灯笼×1
lobby/activitys/activity_task_zhongxia|0|0|3|1|10|2,立直、门前清自摸和、平和、一杯口,立直、门前清自摸和、平和、一杯口
lobby/activitys/activity_task_zhongxia|0|0|3|1|11|0,红灯笼×1,红灯笼×1
lobby/activitys/activity_task_zhongxia|0|0|3|1|11|2,立直、门前清自摸和、平和、一杯口,立直、门前清自摸和、平和、一杯口
lobby/activitys/activity_task_zhongxia|0|0|3|1|12|0,红灯笼×1,红灯笼×1
lobby/activitys/activity_task_zhongxia|0|0|3|1|12|2,立直、门前清自摸和、平和、一杯口,立直、门前清自摸和、平和、一杯口
lobby/activitys/activity_tongbi_exchange|0|0|1|1|5|0|0,交換,交換
lobby/activitys/activity_tongbi_exchange|0|0|1|1|8,受取済,受取済
lobby/activitys/activity_wuyi_exchange|0|0|1|1|5|0|0,交換,交換
lobby/activitys/activity_wuyi_exchange|0|0|1|1|8,受取済,受取済
lobby/activitys/activity_wuyi_task|0|0|1|1|8,受取済,受取済
lobby/activitys/activity_xuanshang|0|0,一日一個更新されます,一日一個更新されます
lobby/activitys/activity_yijidagong|0|4,コイン入手量,コイン入手量
lobby/activitys/activity_yijidagong|0|13|0|1,+,+
lobby/activitys/guoqing_popout|0|4|1,受け取る,受け取る
lobby/activitys/guoqing_popout|0|5|1,確認,確認
lobby/activitys/sign|3|2|0,999999,999999
lobby/activitys/sign|3|2|1,超级巧克力,超级巧克力
lobby/activitys/sign|3|3,第一天,第一天
lobby/activitys/sign|4|2|0,999999,999999
lobby/activitys/sign|4|2|1,超级巧克力,超级巧克力
lobby/activitys/sign|4|3,第二天,第二天
lobby/activitys/sign|5|2|0,999999,999999
lobby/activitys/sign|5|2|1,超级巧克力,超级巧克力
lobby/activitys/sign|5|3,第三天,第三天
lobby/activitys/sign|6|2|0,999999,999999
lobby/activitys/sign|6|2|1,超级巧克力,超级巧克力
lobby/activitys/sign|6|3,第四天,第四天
lobby/activitys/sign|7|2|0,999999,999999
lobby/activitys/sign|7|2|1,超级巧克力,超级巧克力
lobby/activitys/sign|7|3,第五天,第五天
lobby/activitys/sign|8|2|0,999999,999999
lobby/activitys/sign|8|2|1,超级巧克力,超级巧克力
lobby/activitys/sign|8|3,第六天,第六天
lobby/activitys/sign|9|2|0,999999,999999
lobby/activitys/sign|9|2|1,超级巧克力,超级巧克力
lobby/activitys/sign|9|3,第七天,第七天
lobby/activitys/sign|10,每日祈福,每日祈福
lobby/add_room|0|2,ルーム参加,ルーム参加
lobby/add_room|0|3|0,確認,確認
lobby/add_room|0|6|0|1,1,1
lobby/add_room|0|6|1|1,2,2
lobby/add_room|0|6|2|1,3,3
lobby/add_room|0|6|3|1,4,4
lobby/add_room|0|6|4|1,5,5
lobby/add_room|0|6|5|1,6,6
lobby/add_room|0|6|6|1,7,7
lobby/add_room|0|6|7|1,8,8
lobby/add_room|0|6|8|1,9,9
lobby/add_room|0|6|9|1,C,C
lobby/add_room|0|6|10|1,0,0
lobby/ageconfirm|0|0|2,年齢認証,年齢認証
lobby/ageconfirm|0|0|4,毎月の購入上限は,毎月の購入上限は
lobby/ageconfirm|0|0|5,円になります,円になります
lobby/ageconfirm|0|0|6,20000,20000
lobby/ageconfirm|0|0|7|0,確認,確認
lobby/agepending|0|0|0|2,年齢認証,年齢認証
lobby/agepending|0|0|0|3,あなたの年齢によって一ヶ月に購入できる金額がきまっています。,あなたの年齢によって一ヶ月に購入できる金額がきまっています。
lobby/agepending|0|0|0|4,必ず正しい生年月を入力してください。,必ず正しい生年月を入力してください。
lobby/agepending|0|0|0|5,(*あとから生年月の変更はできません。),(*あとから生年月の変更はできません。)
lobby/agepending|0|0|0|6,毎月の購入上限額,毎月の購入上限額
lobby/agepending|0|0|0|7,16才未満:,16才未満:
lobby/agepending|0|0|0|8,16才以上20才未満:,16才以上20才未満:
lobby/agepending|0|0|0|9,20才以上:,20才以上:
lobby/agepending|0|0|0|10,20000円,20000円
lobby/agepending|0|0|0|11,5000円,5000円
lobby/agepending|0|0|0|12,生年月,生年月
lobby/agepending|0|0|0|13,年,年
lobby/agepending|0|0|0|14,月,月
lobby/agepending|0|0|0|15,無制限,無制限
lobby/agepending|0|0|1|0,年,年
lobby/agepending|0|0|2|0,月,月
lobby/agepending|0|0|3|0,確認,確認
lobby/agepending|0|0|5,请选择月份,请选择月份
lobby/agepending|0|0|6,请选择年份,请选择年份
lobby/agepending|0|1|1|2|0|0|1,2001,2001
lobby/agepending|0|1|2|2|0|0|1,2001,2001
lobby/agepending_chs|0|0|0|2,年龄认证,年龄认证
lobby/agepending_chs|0|0|0|3,根据《关于防止未成年人沉迷网络游戏的通知》需要登记您的出生年月。\\n请如实填写您的出生年月，提交后无法更改。,根据《关于防止未成年人沉迷网络游戏的通知》需要登记您的出生年月。\\n请如实填写您的出生年月，提交后无法更改。
lobby/agepending_chs|0|0|0|4,未成年人用户每日22时到次日8时无法进行游戏，工作日游戏时间不能超过1.5小时，法定节假日每日不能超过3小时。 \\n8岁以下用户不能使用充值服务。\\n8至16岁用户单次充值金额不能超过50元人民币，每月充值金额累计不能超过200元人民币。\\n16至18岁用户单次充值金额不能超过100元人民币，每月充值金额累计不能超过400元人民币。,未成年人用户每日22时到次日8时无法进行游戏，工作日游戏时间不能超过1.5小时，法定节假日每日不能超过3小时。 \\n8岁以下用户不能使用充值服务。\\n8至16岁用户单次充值金额不能超过50元人民币，每月充值金额累计不能超过200元人民币。\\n16至18岁用户单次充值金额不能超过100元人民币，每月充值金额累计不能超过400元人民币。
lobby/agepending_chs|0|0|0|5,生年月,生年月
lobby/agepending_chs|0|0|0|6,年,年
lobby/agepending_chs|0|0|0|7,月,月
lobby/agepending_chs|0|0|1|0,年,年
lobby/agepending_chs|0|0|2|0,月,月
lobby/agepending_chs|0|0|3|0,确认,确认
lobby/agepending_chs|0|0|4,请选择月份,请选择月份
lobby/agepending_chs|0|0|5,请选择年份,请选择年份
lobby/agepending_chs|0|1|1|2|0|0|1,2001,2001
lobby/agepending_chs|0|1|2|2|0|0|1,2001,2001
lobby/agesuccess|0|0|2,年齢認証,年齢認証
lobby/agesuccess|0|0|3,認証完了しました。,認証完了しました。
lobby/agesuccess|0|0|4|0,確認,確認
lobby/agesuccess_chs|0|3|0,确定,确定
lobby/agexiane|0|0|2,年齢認証,年齢認証
lobby/agexiane|0|0|3,20000,20000
lobby/agexiane|0|0|4,円,円
lobby/agexiane|0|0|5,毎月の購入上限額:,毎月の購入上限額:
lobby/agexiane|0|0|6,20000,20000
lobby/agexiane|0|0|7,円,円
lobby/agexiane|0|0|8,今月の合計購入額:,今月の合計購入額:
lobby/agexiane|0|0|9|0,確認,確認
lobby/bag|0|0|0|1,着せ替え,着せ替え
lobby/bag|0|0|1|1,装飾品,装飾品
lobby/bag|0|0|2|1,贈り物,贈り物
lobby/bag|0|0|3|1,アイテム,アイテム
lobby/bag|0|1|3|0,奉納,奉納
lobby/bag|0|1|6|0|0,選択クリア,選択クリア
lobby/bag|0|1|6|1|0,戻る,戻る
lobby/bag|0|1|6|2|0,奉納,奉納
lobby/bag|0|1|6|3,奉納する贈り物を選択してください,奉納する贈り物を選択してください
lobby/bag|0|1|7,不要な贈り物を奉納すると星のかけらを獲得,不要な贈り物を奉納すると星のかけらを獲得
lobby/bag|0|3|0|0|0|0|3|2|0,契約を結ぶ,契約を結ぶ
lobby/bag|0|3|2|0,全商品,全商品
lobby/bag|0|3|3,使用可能な装飾品がありません,使用可能な装飾品がありません
lobby/bag|1|0,倉庫,倉庫
lobby/chang_nickname|0|2,名前変更,名前変更
lobby/chang_nickname|0|3|1,プレイヤー名（1-7文字）,プレイヤー名（1-7文字）
lobby/chang_nickname|0|3|4,使用不可,使用不可
lobby/chang_nickname|0|3|6|0,必要,必要
lobby/chang_nickname|0|3|7,Cannot contain empty spaces and special characters,Cannot contain empty spaces and special characters
lobby/chang_nickname|0|4|0,30日に一回のみ変更可能,30日に一回のみ変更可能
lobby/chang_nickname|0|4|1,残り,残り
lobby/chang_nickname|0|4|3,日,日
lobby/checkhuiyu|0|2,輝石詳細,輝石詳細
lobby/checkhuiyu|0|3,有償:,有償:
lobby/checkhuiyu|0|5,無償:,無償:
lobby/checkhuiyu|0|7,合計:,合計:
lobby/checkhuiyu|0|10|0,はい,はい
lobby/checkhuiyu|0|11|0,購入,購入
lobby/checkpifuquan|0|2,着せ替え券詳細,着せ替え券詳細
lobby/checkpifuquan|0|3,有償:,有償:
lobby/checkpifuquan|0|5,無償:,無償:
lobby/checkpifuquan|0|7,合計:,合計:
lobby/checkpifuquan|0|10|0,はい,はい
lobby/checkpifuquan|0|11|0,購入,購入
lobby/create_room|0|0|1|0|1|0,4人,4人
lobby/create_room|0|0|1|0|2|0,3人,3人
lobby/create_room|0|0|1|1|1|0,一局戦,一局戦
lobby/create_room|0|0|1|1|2|0,東風戦,東風戦
lobby/create_room|0|0|1|1|3|0,半荘戦,半荘戦
lobby/create_room|0|0|1|1|4|0,CPU戦,CPU戦
lobby/create_room|0|0|1|2|1|0,3+5秒,3+5秒
lobby/create_room|0|0|1|2|2|0,5+10秒,5+10秒
lobby/create_room|0|0|1|2|3|0,5+20秒,5+20秒
lobby/create_room|0|0|1|2|4|0,60+0秒,60+0秒
lobby/create_room|0|0|1|2|5|0,300+0秒,300+0秒
lobby/create_room|0|0|1|3|1|0,正常,正常
lobby/create_room|0|0|1|3|2|0,国士无双,国士无双
lobby/create_room|0|0|1|3|3|0,顺子,顺子
lobby/create_room|0|0|1|3|4|0,四暗刻,四暗刻
lobby/create_room|0|0|1|3|5|0,三暗杠,三暗杠
lobby/create_room|0|0|1|4|1|0,正常,正常
lobby/create_room|0|0|1|4|2|0,5张,5张
lobby/create_room|0|0|1|4|3|0,12张,12张
lobby/create_room|0|0|1|5|1|0,無効,無効
lobby/create_room|0|0|1|5|2|0,有効,有効
lobby/create_room|0|0|1|7|2,100単位、最大200000まで,100単位、最大200000まで
lobby/create_room|0|0|1|8|2,100単位、最大200000まで、配原より大きくなければなりません,100単位、最大200000まで、配原より大きくなければなりません
lobby/create_room|0|0|1|8|3,オーラス時、1位がこの点数以下の場合南入/西入,オーラス時、1位がこの点数以下の場合南入/西入
lobby/create_room|0|0|1|9|1|0,有効,有効
lobby/create_room|0|0|1|9|2|0,無効,無効
lobby/create_room|0|0|1|10|1|0,無効,無効
lobby/create_room|0|0|1|10|2|0,有効,有効
lobby/create_room|0|0|1|11|1|0,赤無し,赤無し
lobby/create_room|0|0|1|11|2|0,赤ドラ3,赤ドラ3
lobby/create_room|0|0|1|11|3|0,赤ドラ4,赤ドラ4
lobby/create_room|0|0|1|12|1|0,有効,有効
lobby/create_room|0|0|1|12|2|0,無効,無効
lobby/create_room|0|0|1|13|1|0,一飜縛り,一飜縛り
lobby/create_room|0|0|1|13|2|0,二飜縛り,二飜縛り
lobby/create_room|0|0|1|13|3|0,四飜縛り,四飜縛り
lobby/create_room|0|0|1|14|1|0,有効,有効
lobby/create_room|0|0|1|14|2|0,無効,無効
lobby/create_room|0|0|1|15|1|0,無効,無効
lobby/create_room|0|0|1|15|2|0,有効,有効
lobby/create_room|0|0|1|16|1|0,簡単,簡単
lobby/create_room|0|0|1|16|2|0,普通,普通
lobby/create_room|0|0|1|17|1|0,無効,無効
lobby/create_room|0|0|1|17|2|0,有効,有効
lobby/create_room|0|1|2,ルーム作成,ルーム作成
lobby/diamond_less|0|2,輝石が足りません,輝石が足りません
lobby/diamond_less|0|4|0,購入,購入
lobby/diamond_less|0|5|0,いいえ,いいえ
lobby/diamond_less|0|6,輝石が足りません。購入しますか？,輝石が足りません。購入しますか？
lobby/force_update|0|2,アップデート内容を検出しました、再接続を行ってください。,アップデート内容を検出しました、再接続を行ってください。
lobby/force_update|0|3|0,はい,はい
lobby/friend|0|1|0,友人,友人
lobby/friend|1|1|0|0,友人リスト,友人リスト
lobby/friend|1|1|1|0,友人申請,友人申請
lobby/friend|1|1|2|0,友人検索,友人検索
lobby/friend|1|2|1|0,検索,検索
lobby/friend|1|2|2|0|0|0|1|0,申請,申請
lobby/friend|1|2|2|0|0|0|5,申請済,申請済
lobby/friend|1|2|2|0|0|1|1|0,申請,申請
lobby/friend|1|2|2|0|0|1|5,申請済,申請済
lobby/friend|1|3|0|0|0|1|0,詳細,詳細
lobby/friend|1|3|0|0|0|2|0,削除,削除
lobby/friend|1|3|0|0|0|8|0,観戦,観戦
lobby/friend|1|3|1,友人がいません,友人がいません
lobby/friend|1|3|3,友人数上限,友人数上限
lobby/friend|1|4|0|0|0|1|0,詳細,詳細
lobby/friend|1|4|0|0|0|2|0,同意,同意
lobby/friend|1|4|0|0|0|3|0,拒否,拒否
lobby/friend|1|4|1,申請がありません,申請がありません
lobby/friend|1|5|0,プレイヤーID：,プレイヤーID：
lobby/info|0|2,告知,告知
lobby/lobby|3|1|0|0|0|0|3,初心者、雀士,初心者、雀士
lobby/lobby|3|1|0|0|1|0|3,雀士、雀傑,雀士、雀傑
lobby/lobby|3|1|0|0|2|0|3,雀傑、雀豪,雀傑、雀豪
lobby/lobby|3|1|0|0|3|0|3,雀豪、雀聖,雀豪、雀聖
lobby/lobby|3|1|0|0|4|0|3,雀聖以上,雀聖以上
lobby/lobby|3|2|0|0|3,無料,無料
lobby/lobby|3|2|0|1|3,無料,無料
lobby/lobby|3|4|0|0|0|2,接続数：,接続数：
lobby/lobby|3|4|0|0|0|4|0,予約中,予約中
lobby/lobby|3|4|0|0|1|2,接続数：,接続数：
lobby/lobby|3|4|0|0|1|4|0,予約中,予約中
lobby/lobby|3|4|0|0|2|2,接続数：,接続数：
lobby/lobby|3|4|0|0|2|4|0,予約中,予約中
lobby/lobby|3|4|0|0|3|2,接続数：,接続数：
lobby/lobby|3|4|0|0|3|4|0,予約中,予約中
lobby/lobby|5|3|0,順位,順位
lobby/lobby|5|4|0,告知,告知
lobby/lobbychat|0|1|0|2|0|0,送信,送信
lobby/match_lobby|0|0,大会ロビー,大会ロビー
lobby/match_lobby|1|0|1|0,検索,検索
lobby/match_lobby|1|0|2|0,大会IDで検索,大会IDで検索
lobby/match_lobby|1|1|0,フォロー中の大会,フォロー中の大会
lobby/match_lobby|1|3|0|2,フォロー中,フォロー中
lobby/match_lobby|1|3|0|5,開始前,開始前
lobby/match_lobby|1|3|0|5|0,開始時間：,開始時間：
lobby/match_lobby|1|3|0|7,開催中,開催中
lobby/match_lobby|1|3|0|7|0,終了時間：,終了時間：
lobby/match_lobby|1|3|0|8,終了,終了
lobby/match_lobby|1|3|0|8|0,終了時間：,終了時間：
lobby/match_lobby|1|3|0|9|0|0,詳細,詳細
lobby/match_lobby|1|4,開催中の大会がありません,開催中の大会がありません
lobby/match_lobby|1|7|0,プレイヤーID：,プレイヤーID：
lobby/match_lobby|2|0|5|0,閉じます,閉じます
lobby/match_lobby|2|0|6|0,参加します,参加します
lobby/match_room|0|0,大会,大会
lobby/match_room|1|0|0|0,ホーム,ホーム
lobby/match_room|1|0|1|0,大会牌譜,大会牌譜
lobby/match_room|1|0|2|0,大会観戦,大会観戦
lobby/match_room|1|1|0|0|0|2,GMメッセージ,GMメッセージ
lobby/match_room|1|1|0|0|2|0|0,送信,送信
lobby/match_room|1|1|0|1|0,チャット,チャット
lobby/match_room|1|1|0|2|0,お知らせ,お知らせ
lobby/match_room|1|1|0|4,该功能正在维护。。。,该功能正在维护。。。
lobby/match_room|1|1|1|1,大会時間,大会時間
lobby/match_room|1|1|1|2,開始時間：,開始時間：
lobby/match_room|1|1|1|3,終了時間：,終了時間：
lobby/match_room|1|1|1|4,大会ルール,大会ルール
lobby/match_room|1|1|1|5,順位,順位
lobby/match_room|1|1|1|8,最近5戦の結果：,最近5戦の結果：
lobby/match_room|1|1|1|9,対局数：,対局数：
lobby/match_room|1|1|1|10|0,対戦準備,対戦準備
lobby/match_room|1|1|1|11,接続数：,接続数：
lobby/match_room|1|1|1|13|0|0,詳細,詳細
lobby/match_room|1|1|3|0,フォロー,フォロー
lobby/match_room|1|3|1|0|1|1,1,1
lobby/match_room|1|3|1|0|1|4,位,位
lobby/match_room|1|3|1|0|2|1,2,2
lobby/match_room|1|3|1|0|2|4,位,位
lobby/match_room|1|3|1|0|3|1,3,3
lobby/match_room|1|3|1|0|3|4,位,位
lobby/match_room|1|3|1|0|4|1,4,4
lobby/match_room|1|3|1|0|4|4,位,位
lobby/match_room|1|3|1|0|6,対戦時間,対戦時間
lobby/match_room|1|3|1|0|7|0,詳細,詳細
lobby/match_room|1|3|1|0|8|0,シェア,シェア
lobby/match_room|1|3|2|0,その他の牌譜,その他の牌譜
lobby/match_room|2|0|3,ルール詳細,ルール詳細
lobby/match_room|2|0|4|0,閉じます,閉じます
lobby/match_room|2|1|3,ルール詳細,ルール詳細
lobby/match_room|2|1|4|0,閉じます,閉じます
lobby/match_room|3|0|2,牌譜IDを入力してください,牌譜IDを入力してください
lobby/match_room|3|0|3|0,確認,確認
lobby/match_room|3|0|6|1,匿名シェア,匿名シェア
lobby/match_room|4|0|2,条件に合いません,条件に合いません
lobby/match_room|4|0|3,参加資格がありません,参加資格がありません
lobby/match_room|4|0|4|0,閉じます,閉じます
lobby/match_shilian|0|1,试炼之道,试炼之道
lobby/match_shilian|0|2|2,9999999,9999999
lobby/match_shilian|0|3|2,9999999,9999999
lobby/match_shilian|1|0|0|0|1|1,起点 99999,起点 99999
lobby/match_shilian|1|0|0|0|1|2,返点 99999,返点 99999
lobby/match_shilian|1|0|0|0|1|3|0|1,×999999,×999999
lobby/match_shilian|1|0|1|0|1|1,起点 99999,起点 99999
lobby/match_shilian|1|0|1|0|1|2,返点 99999,返点 99999
lobby/match_shilian|1|0|1|0|1|4|0|1,×999999,×999999
lobby/match_shilian|1|0|2|0|1|1,起点 99999,起点 99999
lobby/match_shilian|1|0|2|0|1|2,返点 99999,返点 99999
lobby/match_shilian|1|0|2|0|1|4|0|1,×999999,×999999
lobby/match_shilian|1|0|3|0|1|1,起点 99999,起点 99999
lobby/match_shilian|1|0|3|0|1|2,返点 99999,返点 99999
lobby/match_shilian|1|0|3|0|1|4|0|1,×999999,×999999
lobby/match_shilian|1|0|4|0|1|1,起点 99999,起点 99999
lobby/match_shilian|1|0|4|0|1|2,返点 99999,返点 99999
lobby/match_shilian|1|0|4|0|1|4|0|1,×999999,×999999
lobby/match_shilian|1|1|0|0,通过的试炼越多奖励越好,通过的试炼越多奖励越好
lobby/match_shilian|1|1|0|1,在试炼中点数降到0点以下将会失败,在试炼中点数降到0点以下将会失败
lobby/match_shilian|2|0|1,×999999,×999999
lobby/match_ticket|0|2,入场方式选择,入场方式选择
lobby/match_ticket|0|3|0,消耗,消耗
lobby/match_ticket|0|3|0|0,99999,99999
lobby/match_ticket|0|4|0,消耗,消耗
lobby/match_ticket|0|4|0|0,99999,99999
lobby/match_ticket|0|5,拥有试炼券,拥有试炼券
lobby/match_ticket|0|5|0,9999,9999
lobby/match_ticket|0|6,拥有铜币,拥有铜币
lobby/match_ticket|0|6|0,9999,9999
lobby/match_ticket|0|7,试炼券可以通过活动获取,试炼券可以通过活动获取
lobby/nickname|0|2,プレイヤー名を入力してください,プレイヤー名を入力してください
lobby/nickname|0|4,プレイヤー名（1-7文字）,プレイヤー名（1-7文字）
lobby/nickname|0|6,使用可能,使用可能
lobby/nickname|0|7,使用不可,使用不可
lobby/nickname|0|8|1,確認,確認
lobby/nickname|0|9,Cannot contain empty spaces and special characters,Cannot contain empty spaces and special characters
lobby/nickname|0|10|1,ゲーム終了,ゲーム終了
lobby/nickname|1|2,チュートリアル,チュートリアル
lobby/nickname|1|3,雀魂道館へようこそ！,雀魂道館へようこそ！
lobby/nickname|1|4,プレイヤー名,プレイヤー名
lobby/nickname|1|5,麻雀の基本ルールはご存知でしょうか？,麻雀の基本ルールはご存知でしょうか？
lobby/nickname|1|6,まずは簡単な立直から始めましょう。,まずは簡単な立直から始めましょう。
lobby/nickname|1|7|0|0,大丈夫,大丈夫
lobby/nickname|1|8|0|0,はい,はい
lobby/number_input|0|2,ルーム参加,ルーム参加
lobby/number_input|0|3|0,確認,確認
lobby/number_input|0|6|0|1,1,1
lobby/number_input|0|6|1|1,2,2
lobby/number_input|0|6|2|1,3,3
lobby/number_input|0|6|3|1,4,4
lobby/number_input|0|6|4|1,5,5
lobby/number_input|0|6|5|1,6,6
lobby/number_input|0|6|6|1,7,7
lobby/number_input|0|6|7|1,8,8
lobby/number_input|0|6|8|1,9,9
lobby/number_input|0|6|9|1,C,C
lobby/number_input|0|6|10|1,0,0
lobby/ob|0|0,対戦データがありません,対戦データがありません
lobby/ob|0|6|0,友人がいる対戦のみ表示,友人がいる対戦のみ表示
lobby/ob|0|7|1,更新,更新
lobby/ob|1|0,観戦,観戦
lobby/openbox|1|3,好きな贈り物をお選びください,好きな贈り物をお選びください
lobby/openbox|1|5|0,はい,はい
lobby/page_sign_chs|1|1|1,確認,確認
lobby/page_sign_chs|1|2|1,参拝,参拝
lobby/page_sign_chs|1|3,1.24 6:00 - 1.29 5:59,1.24 6:00 - 1.29 5:59
lobby/page_sign_chs_t|1|1|1,確認,確認
lobby/page_sign_chs_t|1|2|1,参拝,参拝
lobby/page_sign_en|1|1|1,確認,確認
lobby/page_sign_en|1|2|1,参拝,参拝
lobby/page_sign_en|1|3,1.24 6:00 - 1.29 5:59,1.24 6:00 - 1.29 5:59
lobby/page_sign_jp|1|1|1,確認,確認
lobby/page_sign_jp|1|2|1,参拝,参拝
lobby/page_sign_jp|1|3,1.24 6:00 - 1.29 5:59,1.24 6:00 - 1.29 5:59
lobby/paipu|0|1|0,牌譜,牌譜
lobby/paipu|1|4|0|1|1,1,1
lobby/paipu|1|4|0|1|4,位,位
lobby/paipu|1|4|0|2|1,2,2
lobby/paipu|1|4|0|2|4,位,位
lobby/paipu|1|4|0|3|1,3,3
lobby/paipu|1|4|0|3|4,位,位
lobby/paipu|1|4|0|4|1,4,4
lobby/paipu|1|4|0|4|4,位,位
lobby/paipu|1|4|0|7|0,詳細,詳細
lobby/paipu|1|4|0|8|0,シェア,シェア
lobby/paipu|1|5|0,その他の牌譜,その他の牌譜
lobby/paipu|1|6,ブクマ上限:,ブクマ上限:
lobby/paipu|1|7|0|1,一覧,一覧
lobby/paipu|1|7|1|1,マッチング,マッチング
lobby/paipu|1|7|2|1,友人戦,友人戦
lobby/paipu|1|7|3|1,大会戦,大会戦
lobby/paipu|1|7|4|1,保存,保存
lobby/paipu|1|8,記録なし,記録なし
lobby/paipu|2|2,牌譜IDを入力してください,牌譜IDを入力してください
lobby/paipu|2|3|0,確認,確認
lobby/paipu|2|6|1,匿名シェア,匿名シェア
lobby/paipu|3|1|2,ブックマーク,ブックマーク
lobby/paipu|3|1|3|0,保存,保存
lobby/paipu|3|1|5,コメントが長すぎます,コメントが長すぎます
lobby/payment/buy_yueka_chs|0|3,选择支付方式,选择支付方式
lobby/payment/buy_yueka_chs|0|4,商品名称：,商品名称：
lobby/payment/buy_yueka_chs|0|5,6800辉玉,6800辉玉
lobby/payment/buy_yueka_chs|0|6,商品说明：,商品说明：
lobby/payment/buy_yueka_chs|0|7,132123213123\\n1231231231\\n123123123\\n12312313123,132123213123\\n1231231231\\n123123123\\n12312313123
lobby/payment/buy_yueka_chs|0|8,应付金额：,应付金额：
lobby/payment/buy_yueka_chs|0|9,680.00元,680.00元
lobby/payment/buy_yueka_chs|0|10,支付疑问请加 QQ：951307369,支付疑问请加 QQ：951307369
lobby/payment/buy_yueka_chs|0|11|0|0|1,微信,微信
lobby/payment/buy_yueka_chs|0|11|1|0|1,支付宝,支付宝
lobby/payment/buy_yueka_chs|0|11|2|0|1,支付宝扫码,支付宝扫码
lobby/payment/buy_yueka_en|0|3,支払方法を選択してください,支払方法を選択してください
lobby/payment/buy_yueka_en|0|4,商品名：,商品名：
lobby/payment/buy_yueka_en|0|6,説明,説明
lobby/payment/buy_yueka_en|0|8,価格：,価格：
lobby/payment/buy_yueka_en|0|10,契約ポイント:,契約ポイント:
lobby/payment/choose_method_chs|0|3,选择支付方式,选择支付方式
lobby/payment/choose_method_chs|0|4,商品名称：,商品名称：
lobby/payment/choose_method_chs|0|5,6800辉玉,6800辉玉
lobby/payment/choose_method_chs|0|6,应付金额：,应付金额：
lobby/payment/choose_method_chs|0|7,680.00元,680.00元
lobby/payment/choose_method_chs|0|8,支付疑问请加 QQ：951307369,支付疑问请加 QQ：951307369
lobby/payment/choose_method_chs|0|9|0|0|1,微信,微信
lobby/payment/choose_method_chs|0|9|1|0|1,支付宝,支付宝
lobby/payment/choose_method_chs|0|9|2|0|1,支付宝扫码,支付宝扫码
lobby/payment/choose_method_chs_t|0|3,支払方法を選択してください,支払方法を選択してください
lobby/payment/choose_method_chs_t|0|4,商品名：,商品名：
lobby/payment/choose_method_chs_t|0|6,価格：,価格：
lobby/payment/choose_method_en|0|3,支払方法を選択してください,支払方法を選択してください
lobby/payment/choose_method_en|0|4,商品名：,商品名：
lobby/payment/choose_method_en|0|6,価格：,価格：
lobby/payment/choose_method_en|0|8,契約ポイント:,契約ポイント:
lobby/payment/creditcard|0|2,クレジットカード,クレジットカード
lobby/payment/creditcard|0|3|1,カード番号,カード番号
lobby/payment/creditcard|0|3|3,14～16桁の半角数字をハイフンやスペースをいれずに入力してください,14～16桁の半角数字をハイフンやスペースをいれずに入力してください
lobby/payment/creditcard|0|4|0,有効期限,有効期限
lobby/payment/creditcard|0|4|1|0,月,月
lobby/payment/creditcard|0|4|2|0,年,年
lobby/payment/creditcard|0|4|3,月をお選びください,月をお選びください
lobby/payment/creditcard|0|4|4,年をお選びください,年をお選びください
lobby/payment/creditcard|0|5|0,セキュリティコード,セキュリティコード
lobby/payment/creditcard|0|5|3,セキュリティコードは3桁(一部4桁))の数字です。,セキュリティコードは3桁(一部4桁))の数字です。
lobby/payment/creditcard|0|6|1,確認＆支払い,確認＆支払い
lobby/payment/creditcard|2|0|3|1,確認,確認
lobby/payment/creditcard|2|0|4,セキュリティコード,セキュリティコード
lobby/payment/creditcard|2|0|5,"Discover,MasterCard,Visaカードの場合、背面署名欄右上に3文字印字されている","Discover,MasterCard,Visaカードの場合、背面署名欄右上に3文字印字されている"
lobby/payment/creditcard|2|0|6,American Expressカードの場合、背面署名欄右上に3文字印字されている,American Expressカードの場合、背面署名欄右上に3文字印字されている
lobby/payment/wxcode|0|5,商品名称：,商品名称：
lobby/payment/wxcode|0|5|0,6800辉玉,6800辉玉
lobby/payment/wxcode|0|6,应付金额：,应付金额：
lobby/payment/wxcode|0|6|0,680.00元,680.00元
lobby/payment/wxcode|0|7,请打开,请打开
lobby/payment/wxcode|0|8,“扫一扫”扫描二维码完成支付,“扫一扫”扫描二维码完成支付
lobby/payment/wxcode|0|9,支付宝,支付宝
lobby/payment/wxcode|0|10|0|0,关闭,关闭
lobby/pifuquan_less|0|2,着せ替え券が足りません,着せ替え券が足りません
lobby/pifuquan_less|0|4|0,購入,購入
lobby/pifuquan_less|0|5|0,いいえ,いいえ
lobby/pifuquan_less|0|6,着せ替え券が足りません。購入しますか？,着せ替え券が足りません。購入しますか？
lobby/pipei|0|2,段位戦,段位戦
lobby/pipei|0|3,予約中,予約中
lobby/pipei|0|4|0,いいえ,いいえ
lobby/pipeichenggong|1|2,対戦準備完了,対戦準備完了
lobby/pipeiyuyue|0|1,予約中,予約中
lobby/playerinfo|1|1|0,4人戦,4人戦
lobby/playerinfo|1|2|0,3人戦,3人戦
lobby/playerinfo|1|3|0,コメント,コメント
lobby/playerinfo|1|4|1,コメントがありません,コメントがありません
lobby/playerinfo|1|4|2|0|8|1|0,詳細,詳細
lobby/playerinfo|1|4|5|3,挨拶がありません,挨拶がありません
lobby/playerinfo|1|4|5|4,挨拶,挨拶
lobby/playerinfo|1|5|0|5|2,/,/
lobby/playerinfo|1|5|2|1,称号確認,称号確認
lobby/playerinfo|1|5|3|1,名前変更,名前変更
lobby/playerinfo|1|5|6|1|0,友人戦,友人戦
lobby/playerinfo|1|5|6|2|0,段位戦,段位戦
lobby/playerinfo|1|5|7|1|0|0|0,ハイライト,ハイライト
lobby/playerinfo|1|5|7|1|0|3,まだありません,まだありません
lobby/playerinfo|1|5|7|1|1|0,攻,攻
lobby/playerinfo|1|5|7|1|1|2,防,防
lobby/playerinfo|1|5|7|1|1|4,速,速
lobby/playerinfo|1|5|7|1|1|6,運,運
lobby/playerinfo|1|5|7|1|1|8|0,攻,攻
lobby/playerinfo|1|5|7|1|1|8|1,防,防
lobby/playerinfo|1|5|7|1|1|8|2,速,速
lobby/playerinfo|1|5|7|1|1|8|3,運,運
lobby/playerinfo|1|5|7|1|1|9|0,スタイル,スタイル
lobby/playerinfo|1|5|7|1|2|6,4,4
lobby/playerinfo|1|5|7|1|2|6|0,位,位
lobby/playerinfo|1|5|7|1|2|7,3,3
lobby/playerinfo|1|5|7|1|2|7|0,位,位
lobby/playerinfo|1|5|7|1|2|8,2,2
lobby/playerinfo|1|5|7|1|2|8|0,位,位
lobby/playerinfo|1|5|7|1|2|9,1,1
lobby/playerinfo|1|5|7|1|2|9|0,位,位
lobby/playerinfo|1|5|7|1|2|10|0,対戦記録,対戦記録
lobby/playerinfo|1|5|7|1|3|0|0,対戦詳細,対戦詳細
lobby/playerinfo|1|5|7|1|4|0|2,東風戦,東風戦
lobby/playerinfo|1|5|7|1|4|1|0,一位率,一位率
lobby/playerinfo|1|5|7|1|4|1|2,二位率,二位率
lobby/playerinfo|1|5|7|1|4|1|4,三位率,三位率
lobby/playerinfo|1|5|7|1|4|1|6|0,四位率,四位率
lobby/playerinfo|1|5|7|1|4|1|7|0,飛び率,飛び率
lobby/playerinfo|1|5|7|1|4|1|8,対戦数,対戦数
lobby/playerinfo|1|5|7|1|4|1|10,平均和了,平均和了
lobby/playerinfo|1|5|7|1|4|1|12,平均順位,平均順位
lobby/playerinfo|1|5|7|1|4|1|14,最大連荘,最大連荘
lobby/playerinfo|1|5|7|1|4|1|16,和了巡数,和了巡数
lobby/playerinfo|1|5|7|1|4|1|18,和了率,和了率
lobby/playerinfo|1|5|7|1|4|1|20,ツモ率,ツモ率
lobby/playerinfo|1|5|7|1|4|1|22,放銃率,放銃率
lobby/playerinfo|1|5|7|1|4|1|24,副露率,副露率
lobby/playerinfo|1|5|7|1|4|1|26,立直率,立直率
lobby/playerinfo|1|5|7|1|5|0|2,半荘戦,半荘戦
lobby/playerinfo|1|5|7|1|5|1|0,一位率,一位率
lobby/playerinfo|1|5|7|1|5|1|2,二位率,二位率
lobby/playerinfo|1|5|7|1|5|1|4,三位率,三位率
lobby/playerinfo|1|5|7|1|5|1|6|0,四位率,四位率
lobby/playerinfo|1|5|7|1|5|1|7|0,飛び率,飛び率
lobby/playerinfo|1|5|7|1|5|1|8,対戦数,対戦数
lobby/playerinfo|1|5|7|1|5|1|10,平均和了,平均和了
lobby/playerinfo|1|5|7|1|5|1|12,平均順位,平均順位
lobby/playerinfo|1|5|7|1|5|1|14,最大連荘,最大連荘
lobby/playerinfo|1|5|7|1|5|1|16,和了巡数,和了巡数
lobby/playerinfo|1|5|7|1|5|1|18,和了率,和了率
lobby/playerinfo|1|5|7|1|5|1|20,ツモ率,ツモ率
lobby/playerinfo|1|5|7|1|5|1|22,放銃率,放銃率
lobby/playerinfo|1|5|7|1|5|1|24,副露率,副露率
lobby/playerinfo|1|5|7|1|5|1|26,立直率,立直率
lobby/playerinfo|1|5|7|1|6|0|2,役達成回数,役達成回数
lobby/playerinfo|1|5|7|1|7|0|2,ローカル役達成回数,ローカル役達成回数
lobby/playerinfo_en|1|1|0,4人戦,4人戦
lobby/playerinfo_en|1|2|0,3人戦,3人戦
lobby/playerinfo_en|1|3|0,コメント,コメント
lobby/playerinfo_en|1|4|1,コメントがありません,コメントがありません
lobby/playerinfo_en|1|4|2|0|8|1|0,詳細,詳細
lobby/playerinfo_en|1|4|5|3,挨拶がありません,挨拶がありません
lobby/playerinfo_en|1|4|5|4,挨拶,挨拶
lobby/playerinfo_en|1|5|0|5|2,/,/
lobby/playerinfo_en|1|5|2|1,称号確認,称号確認
lobby/playerinfo_en|1|5|3|1,名前変更,名前変更
lobby/playerinfo_en|1|5|6|1|0,友人戦,友人戦
lobby/playerinfo_en|1|5|6|2|0,段位戦,段位戦
lobby/playerinfo_en|1|5|7|1|0|0|0,ハイライト,ハイライト
lobby/playerinfo_en|1|5|7|1|0|3,まだありません,まだありません
lobby/playerinfo_en|1|5|7|1|1|0,攻,攻
lobby/playerinfo_en|1|5|7|1|1|2,防,防
lobby/playerinfo_en|1|5|7|1|1|4,速,速
lobby/playerinfo_en|1|5|7|1|1|6,運,運
lobby/playerinfo_en|1|5|7|1|1|8|0,攻,攻
lobby/playerinfo_en|1|5|7|1|1|8|1,防,防
lobby/playerinfo_en|1|5|7|1|1|8|2,速,速
lobby/playerinfo_en|1|5|7|1|1|8|3,運,運
lobby/playerinfo_en|1|5|7|1|1|9|0,スタイル,スタイル
lobby/playerinfo_en|1|5|7|1|2|6,4,4
lobby/playerinfo_en|1|5|7|1|2|6|0,位,位
lobby/playerinfo_en|1|5|7|1|2|7,3,3
lobby/playerinfo_en|1|5|7|1|2|7|0,位,位
lobby/playerinfo_en|1|5|7|1|2|8,2,2
lobby/playerinfo_en|1|5|7|1|2|8|0,位,位
lobby/playerinfo_en|1|5|7|1|2|9,1,1
lobby/playerinfo_en|1|5|7|1|2|9|0,位,位
lobby/playerinfo_en|1|5|7|1|2|10|0,対戦記録,対戦記録
lobby/playerinfo_en|1|5|7|1|3|0|0,対戦詳細,対戦詳細
lobby/playerinfo_en|1|5|7|1|4|0|2,東風戦,東風戦
lobby/playerinfo_en|1|5|7|1|4|1|0,一位率,一位率
lobby/playerinfo_en|1|5|7|1|4|1|2,二位率,二位率
lobby/playerinfo_en|1|5|7|1|4|1|4,三位率,三位率
lobby/playerinfo_en|1|5|7|1|4|1|6|0,四位率,四位率
lobby/playerinfo_en|1|5|7|1|4|1|7|0,飛び率,飛び率
lobby/playerinfo_en|1|5|7|1|4|1|8,対戦数,対戦数
lobby/playerinfo_en|1|5|7|1|4|1|10,平均和了,平均和了
lobby/playerinfo_en|1|5|7|1|4|1|12,平均順位,平均順位
lobby/playerinfo_en|1|5|7|1|4|1|14,最大連荘,最大連荘
lobby/playerinfo_en|1|5|7|1|4|1|16,和了巡数,和了巡数
lobby/playerinfo_en|1|5|7|1|4|1|18,和了率,和了率
lobby/playerinfo_en|1|5|7|1|4|1|20,ツモ率,ツモ率
lobby/playerinfo_en|1|5|7|1|4|1|22,放銃率,放銃率
lobby/playerinfo_en|1|5|7|1|4|1|24,副露率,副露率
lobby/playerinfo_en|1|5|7|1|4|1|26,立直率,立直率
lobby/playerinfo_en|1|5|7|1|5|0|2,半荘戦,半荘戦
lobby/playerinfo_en|1|5|7|1|5|1|0,一位率,一位率
lobby/playerinfo_en|1|5|7|1|5|1|2,二位率,二位率
lobby/playerinfo_en|1|5|7|1|5|1|4,三位率,三位率
lobby/playerinfo_en|1|5|7|1|5|1|6|0,四位率,四位率
lobby/playerinfo_en|1|5|7|1|5|1|7|0,飛び率,飛び率
lobby/playerinfo_en|1|5|7|1|5|1|8,対戦数,対戦数
lobby/playerinfo_en|1|5|7|1|5|1|10,平均和了,平均和了
lobby/playerinfo_en|1|5|7|1|5|1|12,平均順位,平均順位
lobby/playerinfo_en|1|5|7|1|5|1|14,最大連荘,最大連荘
lobby/playerinfo_en|1|5|7|1|5|1|16,和了巡数,和了巡数
lobby/playerinfo_en|1|5|7|1|5|1|18,和了率,和了率
lobby/playerinfo_en|1|5|7|1|5|1|20,ツモ率,ツモ率
lobby/playerinfo_en|1|5|7|1|5|1|22,放銃率,放銃率
lobby/playerinfo_en|1|5|7|1|5|1|24,副露率,副露率
lobby/playerinfo_en|1|5|7|1|5|1|26,立直率,立直率
lobby/playerinfo_en|1|5|7|1|6|0|2,役達成回数,役達成回数
lobby/playerinfo_en|1|5|7|1|7|0|2,ローカル役達成回数,ローカル役達成回数
lobby/pop_buy_multi|0|6|0,購入,購入
lobby/pop_buy_multi|0|7|0,価格,価格
lobby/pop_buy_multi|0|8|0,残り,残り
lobby/pop_buy_multi|0|9,毎月更新されます,毎月更新されます
lobby/pop_buy_multi|0|10|0,価格,価格
lobby/pop_buy_single|0|6|0,購入,購入
lobby/pop_buy_single|0|7|0,価格,価格
lobby/rank|0|2|0|0|4,pt,pt
lobby/rank|0|4|1|7,pt,pt
lobby/rank|0|5|0|0,4人戦,4人戦
lobby/rank|0|5|1|0,3人戦,3人戦
lobby/recharge|0|0,商店,商店
lobby/recharge|1|0|0|0,雑貨,雑貨
lobby/recharge|1|0|1|0,願いの小屋,願いの小屋
lobby/recharge|1|0|2|0,星の小屋,星の小屋
lobby/recharge|1|0|3|0,お祈り小屋,お祈り小屋
lobby/recharge|1|0|4|0,祈願,祈願
lobby/recharge|1|2|0|1,称号効果,称号効果
lobby/recharge|1|2|6|0,現在,現在
lobby/recharge|1|2|8|0,受け取る,受け取る
lobby/recharge|1|2|9|0|1,契約効果,契約効果
lobby/recharge|2|0|6|0,購入,購入
lobby/recharge|2|0|7|0,価格,価格
lobby/shop|0|0|0|0,洋服屋,洋服屋
lobby/shop|0|0|1|0,福袋小屋,福袋小屋
lobby/shop|0|0|2|0,星の小屋,星の小屋
lobby/shop|0|0|3|0,願いの小屋,願いの小屋
lobby/shop|0|0|4|0,雑貨,雑貨
lobby/shop|0|1|1|0|0,更新,更新
lobby/shop|0|1|1|0|1|0,更新,更新
lobby/shop|0|1|1|2,本日の更新回数が上限に達しました,本日の更新回数が上限に達しました
lobby/shop|0|1|2|0,重複した雀士キャラクターは願いの石に変換されます。,重複した雀士キャラクターは願いの石に変換されます。
lobby/shop|0|1|3|2,重複した装飾品は星の石に変換されます。,重複した装飾品は星の石に変換されます。
lobby/shop|0|1|4|1,贈り物を奉納すると星のかけらが入手できます,贈り物を奉納すると星のかけらが入手できます
lobby/shop|0|2|0|0|6|2|0,購入,購入
lobby/shop|0|2|3,完売しました。,完売しました。
lobby/shop|1|0,雑貨屋,雑貨屋
lobby/shop_lobby_yulan|1|2|2|0,購入,購入
lobby/shop_pack_detail|0|5|0,未所持商品の合計価格:,未所持商品の合計価格:
lobby/shop_pack_detail|0|6|0,割引率:,割引率:
lobby/shop_pack_detail|0|7|0,合計価格:,合計価格:
lobby/shop_pack_detail|0|8|0,購入,購入
lobby/shop_pack_detail|0|9,当パックに含まれる商品,当パックに含まれる商品
lobby/shop_skin_yulan|2|0|2|0,購入,購入
lobby/sign|1|2,毎日お祈り,毎日お祈り
lobby/sign|1|3|4|0,第,第
lobby/sign|1|3|4|1,日,日
lobby/sign|1|4|4|0,第,第
lobby/sign|1|4|4|1,日,日
lobby/sign|1|5|0,受け取る,受け取る
lobby/sign|1|5|2,受取済,受取済
lobby/sushe_select|0|1|0|0,雀士,雀士
lobby/sushe_select|0|1|1|0,装飾品,装飾品
lobby/sushe_select|0|2|1|0|1,1,1
lobby/sushe_select|0|2|1|1|1,2,2
lobby/sushe_select|0|2|1|2|1,3,3
lobby/sushe_select|0|2|1|3|1,4,4
lobby/sushe_select|0|2|1|4|1,5,5
lobby/sushe_select|0|4|0|2|0,選択中,選択中
lobby/sushe_select|0|4|0|3|0|0,使用,使用
lobby/sushe_select|0|4|0|4|0|0,保存,保存
lobby/sushe_select|0|4|1|6|0,使用可能な装飾品がありません,使用可能な装飾品がありません
lobby/sushe_select|0|4|4|5|0,使用可能な装飾品がありません,使用可能な装飾品がありません
lobby/sushe_select|1|0,寮舎,寮舎
lobby/sushe_select_en|0|1|0|0,雀士,雀士
lobby/sushe_select_en|0|1|1|0,装飾品,装飾品
lobby/sushe_select_en|0|2|1|0|1,1,1
lobby/sushe_select_en|0|2|1|1|1,2,2
lobby/sushe_select_en|0|2|1|2|1,3,3
lobby/sushe_select_en|0|2|1|3|1,4,4
lobby/sushe_select_en|0|2|1|4|1,5,5
lobby/sushe_select_en|0|4|0|2|0,選択中,選択中
lobby/sushe_select_en|0|4|0|3|0|0,使用,使用
lobby/sushe_select_en|0|4|0|4|0|0,保存,保存
lobby/sushe_select_en|0|4|1|6|0,使用可能な装飾品がありません,使用可能な装飾品がありません
lobby/sushe_select_en|0|4|4|5|0,使用可能な装飾品がありません,使用可能な装飾品がありません
lobby/sushe_select_en|1|0,寮舎,寮舎
lobby/tangfang1|6|3|0,確認,確認
lobby/tangfang1|6|4|0,再祈願,再祈願
lobby/titlebook|1|2,称号リスト,称号リスト
lobby/titlebook|1|3,獲得済み,獲得済み
lobby/titlebook|1|6,称号がありません,称号がありません
lobby/treasure|0|0|0,10回祈願,10回祈願
lobby/treasure|0|0|1,入手,入手
lobby/treasure|0|0|3,雀士キャラクター、装飾品、または贈り物を入手できます,雀士キャラクター、装飾品、または贈り物を入手できます
lobby/treasure|0|0|5|0,10回祈願,10回祈願
lobby/treasure|0|1|0,1回祈願,1回祈願
lobby/treasure|0|1|1,入手,入手
lobby/treasure|0|1|3,雀士キャラクター、装飾品、または贈り物を入手できます,雀士キャラクター、装飾品、または贈り物を入手できます
lobby/treasure|0|1|5|0,1回祈願,1回祈願
lobby/treasure|0|5|0,内容一覧,内容一覧
lobby/treasure|0|6|2|0,信仰交換,信仰交換
lobby/treasure|1|0,祈願,祈願
lobby/treasure|3|4,交換したいアイテムを選択してください,交換したいアイテムを選択してください
lobby/treasure|4|2|2|0|0,每次寻觅都可以获得1点,每次寻觅都可以获得1点
lobby/treasure|4|2|2|0|1,(信仰)，同时有可能获得全新的雀士及各种装扮,(信仰)，同时有可能获得全新的雀士及各种装扮
lobby/treasure|4|2|2|0|2,雀士概率：5%,雀士概率：5%
lobby/treasure|4|2|2|0|2|0,重复获取的雀士将转换为许愿石,重复获取的雀士将转换为许愿石
lobby/treasure|4|2|2|0|3,装扮概率：15%,装扮概率：15%
lobby/treasure|4|2|2|0|3|0,重复获取的装扮将转换为星之石,重复获取的装扮将转换为星之石
lobby/treasure|4|2|2|0|4,礼物概率：80%,礼物概率：80%
lobby/treasure|4|2|2|0|5,使用辉玉10连寻觅，至少会获得一个紫色礼物,使用辉玉10连寻觅，至少会获得一个紫色礼物
lobby/treasure|4|2|2|1|0,每次寻觅都可以获得1点,每次寻觅都可以获得1点
lobby/treasure|4|2|2|1|1,(信仰)，同时有可能获得全新的雀士及各种装扮,(信仰)，同时有可能获得全新的雀士及各种装扮
lobby/treasure|4|2|2|1|2,雀士概率：5%,雀士概率：5%
lobby/treasure|4|2|2|1|2|0,重复获取的雀士将转换为许愿石,重复获取的雀士将转换为许愿石
lobby/treasure|4|2|2|1|3,(UP雀士占59%、其他雀士占41%),(UP雀士占59%、其他雀士占41%)
lobby/treasure|4|2|2|1|4,装扮概率：15%,装扮概率：15%
lobby/treasure|4|2|2|1|4|0,重复获取的装扮将转换为星之石,重复获取的装扮将转换为星之石
lobby/treasure|4|2|2|1|5,(UP装扮占49%、其他装扮占51%),(UP装扮占49%、其他装扮占51%)
lobby/treasure|4|2|2|1|6,礼物概率：80%,礼物概率：80%
lobby/treasure|4|2|2|1|7,使用辉玉10连寻觅，至少会获得一个紫色礼物,使用辉玉10连寻觅，至少会获得一个紫色礼物
lobby/treasure|4|2|2|2|0,"Each time you summon, you can get 1","Each time you summon, you can get 1"
lobby/treasure|4|2|2|2|1,"(Faith), as well as all-new characters and decorations","(Faith), as well as all-new characters and decorations"
lobby/treasure|4|2|2|2|2,Chance to get characters: 5%,Chance to get characters: 5%
lobby/treasure|4|2|2|2|2|0,Duplicate characters will be converted to Wishing Stones,Duplicate characters will be converted to Wishing Stones
lobby/treasure|4|2|2|2|3,Chance to get decorations: 15%,Chance to get decorations: 15%
lobby/treasure|4|2|2|2|3|0,Duplicate decorations will be converted into Star Stones,Duplicate decorations will be converted into Star Stones
lobby/treasure|4|2|2|2|4,Chance to get green gift/blue gift/purple gift:  24%/51%/5%,Chance to get green gift/blue gift/purple gift:  24%/51%/5%
lobby/treasure|4|2|2|2|5,You will get at least 1 purple gift when you perform a 10-summon using Jade.,You will get at least 1 purple gift when you perform a 10-summon using Jade.
lobby/treasure|4|2|2|3|0,"Each time you summon, you can get 1","Each time you summon, you can get 1"
lobby/treasure|4|2|2|3|1,"(Faith), as well as all-new characters and decorations","(Faith), as well as all-new characters and decorations"
lobby/treasure|4|2|2|3|2,Chance to get characters: 5%,Chance to get characters: 5%
lobby/treasure|4|2|2|3|2|0,Duplicate characters will be converted to Wishing Stones,Duplicate characters will be converted to Wishing Stones
lobby/treasure|4|2|2|3|3,Chance to summon new characters: 2.95%,Chance to summon new characters: 2.95%
lobby/treasure|4|2|2|3|4,Chance to get decorations: 15%,Chance to get decorations: 15%
lobby/treasure|4|2|2|3|4|0,Duplicate decorations will be converted into Star Stones,Duplicate decorations will be converted into Star Stones
lobby/treasure|4|2|2|3|5,Chance to get new effects: 7.35%,Chance to get new effects: 7.35%
lobby/treasure|4|2|2|3|6,Chance to get green gift/blue gift/purple gift:  24%/51%/5%,Chance to get green gift/blue gift/purple gift:  24%/51%/5%
lobby/treasure|4|2|2|3|7,New characters and effects are limited-time Rate Up,New characters and effects are limited-time Rate Up
lobby/treasure|4|2|2|3|8,You will get at least 1 purple gift when you perform a 10-summon using Jade.,You will get at least 1 purple gift when you perform a 10-summon using Jade.
lobby/treasure|4|2|2|4|0,1回祈願するたびに1点,1回祈願するたびに1点
lobby/treasure|4|2|2|4|1,（信仰）が入手できます。,（信仰）が入手できます。
lobby/treasure|4|2|2|4|2,雀士キャラクター提供確率:5％,雀士キャラクター提供確率:5％
lobby/treasure|4|2|2|4|2|0,再度入手した雀士キャラクターは願いの石に変換されます。,再度入手した雀士キャラクターは願いの石に変換されます。
lobby/treasure|4|2|2|4|3,装飾品提供確率:15％,装飾品提供確率:15％
lobby/treasure|4|2|2|4|3|0,再度入手した装飾品は星の石に変換されます。,再度入手した装飾品は星の石に変換されます。
lobby/treasure|4|2|2|4|4,緑色の贈り物入手確率:24％　青色の贈り物入手確率:51％　紫色の贈り物入手確率:5％,緑色の贈り物入手確率:24％　青色の贈り物入手確率:51％　紫色の贈り物入手確率:5％
lobby/treasure|4|2|2|4|5,輝石で「10回祈願」すると、紫色の贈り物を必ず1個以上獲得できます。,輝石で「10回祈願」すると、紫色の贈り物を必ず1個以上獲得できます。
lobby/treasure|4|2|2|5|0,1回祈願するたびに1点,1回祈願するたびに1点
lobby/treasure|4|2|2|5|1,（信仰）が入手できます。,（信仰）が入手できます。
lobby/treasure|4|2|2|5|2,雀士キャラクター提供確率:5％,雀士キャラクター提供確率:5％
lobby/treasure|4|2|2|5|3,ピックアップ雀士提供確率：全雀士の59％,ピックアップ雀士提供確率：全雀士の59％
lobby/treasure|4|2|2|5|4,再度入手した雀士は願い石に変換されます。,再度入手した雀士は願い石に変換されます。
lobby/treasure|4|2|2|5|5,装飾品提供確率：15%,装飾品提供確率：15%
lobby/treasure|4|2|2|5|6,ピックアップ装飾品提供確率：全装飾品の49%,ピックアップ装飾品提供確率：全装飾品の49%
lobby/treasure|4|2|2|5|7,再度入手した装飾品は星の石に変換されます。,再度入手した装飾品は星の石に変換されます。
lobby/treasure|4|2|2|5|8,緑色の贈り物入手確率:24％　青色の贈り物入手確率:51％　紫色の贈り物入手確率:5％,緑色の贈り物入手確率:24％　青色の贈り物入手確率:51％　紫色の贈り物入手確率:5％
lobby/treasure|4|2|2|5|9,輝石で「10回祈願」すると、紫色の贈り物を必ず1個以上獲得できます。,輝石で「10回祈願」すると、紫色の贈り物を必ず1個以上獲得できます。
lobby/treasure|4|2|2|6|0,每次尋覓都可以獲得1點,每次尋覓都可以獲得1點
lobby/treasure|4|2|2|6|1,(信仰)，同時有可能獲得全新的雀士及各種裝扮,(信仰)，同時有可能獲得全新的雀士及各種裝扮
lobby/treasure|4|2|2|6|2,雀士概率：5%,雀士概率：5%
lobby/treasure|4|2|2|6|2|0,重複獲取的雀士將轉換為許願石,重複獲取的雀士將轉換為許願石
lobby/treasure|4|2|2|6|3,裝扮概率：15%,裝扮概率：15%
lobby/treasure|4|2|2|6|3|0,重複獲取的裝扮將轉換為星之石,重複獲取的裝扮將轉換為星之石
lobby/treasure|4|2|2|6|4,禮物概率：80%,禮物概率：80%
lobby/treasure|4|2|2|6|5,使用輝玉10連尋覓，至少會獲得一個紫色禮物,使用輝玉10連尋覓，至少會獲得一個紫色禮物
lobby/treasure|4|2|2|7|0,每次尋覓都可以獲得1點,每次尋覓都可以獲得1點
lobby/treasure|4|2|2|7|1,(信仰)，同時有可能獲得全新的雀士及各種裝扮,(信仰)，同時有可能獲得全新的雀士及各種裝扮
lobby/treasure|4|2|2|7|2,雀士概率：5%,雀士概率：5%
lobby/treasure|4|2|2|7|2|0,重複獲取的雀士將轉換為許願石,重複獲取的雀士將轉換為許願石
lobby/treasure|4|2|2|7|3,(UP雀士占59%、其他雀士占41%),(UP雀士占59%、其他雀士占41%)
lobby/treasure|4|2|2|7|4,裝扮概率：15%,裝扮概率：15%
lobby/treasure|4|2|2|7|4|0,重複獲取的裝扮將轉換為星之石,重複獲取的裝扮將轉換為星之石
lobby/treasure|4|2|2|7|5,(UP裝扮占49%、其他裝扮占51%),(UP裝扮占49%、其他裝扮占51%)
lobby/treasure|4|2|2|7|6,禮物概率：80%,禮物概率：80%
lobby/treasure|4|2|2|7|7,使用輝玉10連尋覓，至少會獲得一個紫色禮物,使用輝玉10連尋覓，至少會獲得一個紫色禮物
lobby/treasure|4|3|1|2|0|0|0,キャラクター紹介,キャラクター紹介
lobby/treasure|4|3|1|2|0|1|0,身長：,身長：
lobby/treasure|4|3|1|2|0|1|2,誕生日：,誕生日：
lobby/treasure|4|3|1|2|0|1|4,年齢：,年齢：
lobby/treasure|4|3|1|2|0|1|6,血液型：,血液型：
lobby/treasure|4|3|1|2|0|1|8,声優：,声優：
lobby/treasure|4|3|1|2|0|1|10,趣味：,趣味：
lobby/treasure|4|3|1|2|0|1|12,紹介：,紹介：
lobby/treasure|4|3|1|2|0|2|0|0,ボイスサンプル：,ボイスサンプル：
lobby/treasure|4|3|1|2|0|2|1|0,サンプル1：,サンプル1：
lobby/treasure|4|3|1|2|0|2|2|0,サンプル2：,サンプル2：
lobby/treasure|4|3|1|2|0|2|3|0,サンプル3：,サンプル3：
lobby/treasure|5|0|2,お祈りの輝石が足りません,お祈りの輝石が足りません
lobby/treasure|5|0|11|0,はい,はい
lobby/treasure|5|0|12|0,いいえ,いいえ
lobby/treasure|5|0|13,以下数量の輝石で,以下数量の輝石で
lobby/treasure|5|0|14,お祈りの輝石を,お祈りの輝石を
lobby/treasure|5|0|15,購入,購入
lobby/treasure|5|0|16,を購入しますか,を購入しますか
lobby/treasure|6|0|2,輝石が足りません,輝石が足りません
lobby/treasure|6|0|4|0,購入,購入
lobby/treasure|6|0|5|0,いいえ,いいえ
lobby/treasure|6|0|6,輝石が足りません。購入しますか？,輝石が足りません。購入しますか？
lobby/visit|0|2,詳細,詳細
lobby/visit|2|3|0,雀士,雀士
lobby/visit|2|4|0,音声,音声
lobby/visit|2|5|0|0|0|0,キャラクター紹介,キャラクター紹介
lobby/visit|2|5|0|0|1|0,身長：,身長：
lobby/visit|2|5|0|0|1|2,誕生日：,誕生日：
lobby/visit|2|5|0|0|1|4,年齢：,年齢：
lobby/visit|2|5|0|0|1|6,血液型：,血液型：
lobby/visit|2|5|0|0|1|8,声優：,声優：
lobby/visit|2|5|0|0|1|10,趣味：,趣味：
lobby/visit|2|5|0|0|1|12,紹介：,紹介：
lobby/visit|2|5|0|0|3|0|0,スタンプ,スタンプ
lobby/visit|2|5|0|0|3|1|0|1|0,契約を結ぶ,契約を結ぶ
lobby/visit|2|5|1|1|0,絆レベル5が条件,絆レベル5が条件
lobby/visit|2|5|1|1|1|0|0,契約,契約
lobby/visit|2|5|1|2|0|0,贈る,贈る
lobby/visit|2|5|1|2|1,本日の残り回数：,本日の残り回数：
lobby/visit|2|5|3|0|1,契約を結ぶ,契約を結ぶ
lobby/visit|2|5|3|1|1,贈り物,贈り物
lobby/visit|2|6|0|0,音声,音声
lobby/visit|2|7|0,雀士,雀士
lobby/visit|2|8|0,音声,音声
lobby/visit|3|0|0,着せ替え変更,着せ替え変更
lobby/visit|3|0|2|0|0|2|3,イベント,イベント
lobby/waitingroom|0|5|2,友人戦,友人戦
lobby/waitingroom|0|5|5,友人戦,友人戦
lobby/waitingroom|0|6|1|1,友人招待,友人招待
lobby/waitingroom|0|6|2|1,CPU追加,CPU追加
lobby/waitingroom|0|6|3|1,ルール紹介,ルール紹介
lobby/waitingroom|0|6|4|1,対戦リンク,対戦リンク
lobby/waitingroom|0|6|5|1,装飾品変更,装飾品変更
lobby/waitingroom|1|2,リンクをコピーして、友人に送りましょう,リンクをコピーして、友人に送りましょう
lobby/waitingroom|1|5|0,コピー,コピー
lobby/waitingroom|2|1|2|0|2|1|0,招待,招待
lobby/waitingroom|2|1|2|0|3,招待済み,招待済み
lobby/waitingroom|2|1|2|0|5,対戦中,対戦中
lobby/waitingroom|2|1|4,招待できる友人がいません,招待できる友人がいません
lobby/waitingroom|3|1|1|0|0,雀士,雀士
lobby/waitingroom|3|1|1|1|0,装飾品,装飾品
lobby/waitingroom|3|1|2|1|0|1,1,1
lobby/waitingroom|3|1|2|1|1|1,2,2
lobby/waitingroom|3|1|2|1|2|1,3,3
lobby/waitingroom|3|1|2|1|3|1,4,4
lobby/waitingroom|3|1|2|1|4|1,5,5
lobby/waitingroom|3|1|4|0|2|0,選択中,選択中
lobby/waitingroom|3|1|4|0|3|0|0,使用,使用
lobby/waitingroom|3|1|4|0|4|0|0,保存,保存
lobby/waitingroom|3|1|4|1|6|0,使用可能な装飾品がありません,使用可能な装飾品がありません
lobby/waitingroom|3|1|4|4|5|0,使用可能な装飾品がありません,使用可能な装飾品がありません
lobby/waitingroom|3|1|5|1|1,着せ替え変更,着せ替え変更
lobby/waitob|0|2,観戦開始まであと：,観戦開始まであと：
lobby/waitob|0|3|0,はい,はい
lobby/waitob|0|5,秒,秒
mj/desktopInfo|12|2|1,自動整理,自動整理
mj/desktopInfo|12|2|4,理,理
mj/desktopInfo|12|3|1,自動和了,自動和了
mj/desktopInfo|12|3|4,和,和
mj/desktopInfo|12|4|1,鳴きなし,鳴きなし
mj/desktopInfo|12|4|4,鳴,鳴
mj/desktopInfo|12|5|3,ツモ切り,ツモ切り
mj/desktopInfo|12|5|4,切,切
mj/desktopInfo|13|5,スタンプ,スタンプ
mj/gameend|0|6,終局,終局
mj/gameend|0|7|2,称号リストに加えました,称号リストに加えました
mj/gameend|0|8|2,確認,確認
mj/gameend|0|9|2,退出,退出
mj/gameend|0|10|2,対局に戻る,対局に戻る
mj/gamestop|1|2,ポーズ中,ポーズ中
mj/hangup_warn|1|2,席を外しているため、自動ツモ切りに切り替えています,席を外しているため、自動ツモ切りに切り替えています
mj/hangup_warn|1|3|0,再開,再開
mj/info_md5|0|2|0,雀魂は完全ランダムでの対局の生成を保証します。対局開始時にはすでに牌山の牌順が固定されており、対局状況に応じて牌山や配牌が変更されることはありません。この声明を証明するために、雀魂ではMD5ハッシュ検証システムを導入しています。\\nMD5は、公用の標準的なアルゴリズムで、暗号化や復号化に広く用いられています。一定のアルゴリズムを通して、入力されたデータ（牌山の牌順）をハッシュ値に変換します。MD5には以下の特徴を兼ね備えています。\\n 1，生成されたMD5ハッシュで元の入力内容を解析することは出来ません。対局開始時に与えられたMD5ハッシュが解析され事前に牌山が解析されることはありません。 \\n 2，一つの入力内容に対し、生成されるMD5ハッシュは一つのみとなります。また、牌山の牌順は少しでも異なれば、生成されるMD5ハッシュは全く異なります。\\n上記により、牌山が改ざんされることはないということを保証します。\\n MD5ハッシュ検証ステップ\\n1.対局中、プレイヤーは画面左上の四角の枠内に表示されるドラ表示牌をクリックすると、その対局の牌山が生成したMD5ハッシュを確認できます。MD5ハッシュは配牌するごとに生成されます。\\n 2.対局終了後、プレイヤーは「牌譜」内で対局中のものと同じかどうかを局単位で参照することができます。これにより対局中に与えられたMD5ハッシュが間違っていなかったかを検証します。\\n 3.慣例的な呼び名を参考に、牌は全て符号化されています。それぞれ萬字はm、筒子はp、索子はs、字牌はzを使って表されます。したがって、一萬は1m、九筒は9p、五索は5sとなります。東南西北白發中はそれぞれ1z、2z、3z、4z、5z、6z、7zとなります。特殊な牌である赤の五萬は0m、赤の五筒は0p、赤の五索は0sと表されます。これにより、文字列を用いて牌山の牌順を表すことができます、これが「牌山コード」といいます。仮に牌山の牌順が八筒・七索・東風・赤五萬だった場合、文字列で表すと8p7s1z0mとなります。\\n4.任意のMD5ハッシュ計算ツールを使用し、「牌山コード」を入力し、変換（ハッシュ化）してください。このとき、バイト長は16Byte、全部で32文字のハッシュ値になるようにしてください。変換後、表示されたMD5ハッシュと対局中に記録したMD5ハッシュが同じであるかを確認してください。同じであれば、対局が進行していたとき牌山の牌順は固定されており、後から改ざんされたものではないと証明することができます。一打でも改ざんされていれば、牌譜での配牌が異なったり、あるいはMD5ハッシュが合わなくなるからです。\\n 「雀魂」をいつも応援していただきましてありがとうございます。プレイヤーの皆様が「雀魂」を通して麻雀を楽しみながら、ますます上達なさいますよう願っております。,雀魂は完全ランダムでの対局の生成を保証します。対局開始時にはすでに牌山の牌順が固定されており、対局状況に応じて牌山や配牌が変更されることはありません。この声明を証明するために、雀魂ではMD5ハッシュ検証システムを導入しています。\\nMD5は、公用の標準的なアルゴリズムで、暗号化や復号化に広く用いられています。一定のアルゴリズムを通して、入力されたデータ（牌山の牌順）をハッシュ値に変換します。MD5には以下の特徴を兼ね備えています。\\n 1，生成されたMD5ハッシュで元の入力内容を解析することは出来ません。対局開始時に与えられたMD5ハッシュが解析され事前に牌山が解析されることはありません。 \\n 2，一つの入力内容に対し、生成されるMD5ハッシュは一つのみとなります。また、牌山の牌順は少しでも異なれば、生成されるMD5ハッシュは全く異なります。\\n上記により、牌山が改ざんされることはないということを保証します。\\n MD5ハッシュ検証ステップ\\n1.対局中、プレイヤーは画面左上の四角の枠内に表示されるドラ表示牌をクリックすると、その対局の牌山が生成したMD5ハッシュを確認できます。MD5ハッシュは配牌するごとに生成されます。\\n 2.対局終了後、プレイヤーは「牌譜」内で対局中のものと同じかどうかを局単位で参照することができます。これにより対局中に与えられたMD5ハッシュが間違っていなかったかを検証します。\\n 3.慣例的な呼び名を参考に、牌は全て符号化されています。それぞれ萬字はm、筒子はp、索子はs、字牌はzを使って表されます。したがって、一萬は1m、九筒は9p、五索は5sとなります。東南西北白發中はそれぞれ1z、2z、3z、4z、5z、6z、7zとなります。特殊な牌である赤の五萬は0m、赤の五筒は0p、赤の五索は0sと表されます。これにより、文字列を用いて牌山の牌順を表すことができます、これが「牌山コード」といいます。仮に牌山の牌順が八筒・七索・東風・赤五萬だった場合、文字列で表すと8p7s1z0mとなります。\\n4.任意のMD5ハッシュ計算ツールを使用し、「牌山コード」を入力し、変換（ハッシュ化）してください。このとき、バイト長は16Byte、全部で32文字のハッシュ値になるようにしてください。変換後、表示されたMD5ハッシュと対局中に記録したMD5ハッシュが同じであるかを確認してください。同じであれば、対局が進行していたとき牌山の牌順は固定されており、後から改ざんされたものではないと証明することができます。一打でも改ざんされていれば、牌譜での配牌が異なったり、あるいはMD5ハッシュが合わなくなるからです。\\n 「雀魂」をいつも応援していただきましてありがとうございます。プレイヤーの皆様が「雀魂」を通して麻雀を楽しみながら、ますます上達なさいますよう願っております。
mj/live_broadcast|0|1,観戦,観戦
mj/live_broadcast|0|2|0|0,手牌表示,手牌表示
mj/live_broadcast|0|3|0|0,放銃牌表示,放銃牌表示
mj/live_broadcast|0|4|0|0,巻き戻し,巻き戻し
mj/live_broadcast|1,リアルタイム観戦中,リアルタイム観戦中
mj/ob_replay|0|8|3,局,局
mj/ob_replay|0|9|2,巡目,巡目
mj/ob_replay|1|1|0|2|2,局,局
mj/ob_replay|1|1|0|2|4,本場,本場
mj/ob_replay|1|1|0|4|1,ツモ和,ツモ和
mj/ob_replay|1|1|0|5|1,放銃,放銃
mj/ob_replay|2|1|0|2,巡目,巡目
mj/replay|1|8|3,局,局
mj/replay|1|9|2,巡目,巡目
mj/replay|1|13|1,山,山
mj/replay|2|1|0|2|2,局,局
mj/replay|2|1|0|2|4,本場,本場
mj/replay|2|1|0|3,荒牌流局,荒牌流局
mj/replay|2|1|0|5|1,放銃,放銃
mj/replay|3|1|0|2,巡目,巡目
mj/replay|4|1,牌譜,牌譜
mj/replay|4|2|0|0,手牌表示,手牌表示
mj/replay|4|3|0|0,放銃牌表示,放銃牌表示
mj/replay|4|4|0|0,演出再生,演出再生
mj/replay|4|5|0|0,プレイヤー名表示,プレイヤー名表示
mj/replay|5|0|0|1|1,牌山コード,牌山コード
mj/rewardprogress|1|0,絆,絆
mj/rewardprogress|2|1,絆報酬,絆報酬
mj/scorechange|6|3,確認,確認
mj/task_progress|0|0|6,枚,枚
mj/task_progress|0|1|6,枚,枚
mj/task_progress|0|2|6,枚,枚
mj/tingpai|0|2|0|1|0,振り聴,振り聴
mj/tingpai|0|2|1|1|0,振り聴,振り聴
mj/tingpai|0|2|2|1|0,振り聴,振り聴
mj/tingpai|0|2|3|1|0,振り聴,振り聴
mj/tingpai|0|2|4|1|0,振り聴,振り聴
mj/tingpai|0|2|5|1|0,振り聴,振り聴
mj/tingpai|0|2|6|1|0,振り聴,振り聴
mj/tingpai|0|2|7|1|0,振り聴,振り聴
mj/tingpai|0|2|8|1|0,振り聴,振り聴
mj/tingpai|0|2|9|1|0,振り聴,振り聴
mj/tingpai|0|2|10|1|0,振り聴,振り聴
mj/tingpai|0|2|11|1|0,振り聴,振り聴
mj/tingpai|0|2|12|1|0,振り聴,振り聴
mj/tingpai|0|2|13|1|0,振り聴,振り聴
mj/tingpai|0|2|14|1|0,振り聴,振り聴
mj/vote|0|2,対戦終了,対戦終了
mj/vote|0|3,対戦終了の投票を開始しますか？,対戦終了の投票を開始しますか？
mj/vote|0|4,（対戦に参加している全員が賛成する場合、対戦が終了します）,（対戦に参加している全員が賛成する場合、対戦が終了します）
mj/vote|0|5|0,確認,確認
mj/vote|0|6|0,いいえ,いいえ
mj/vote_cd|0|2,対戦終了,対戦終了
mj/vote_cd|0|3,前回の投票は全員賛成ではなかったため、次回の終了投票が開始できるまで5分以上お待ちください。,前回の投票は全員賛成ではなかったため、次回の終了投票が開始できるまで5分以上お待ちください。
mj/vote_cd|0|5|0,確認,確認
mj/vote_progress|0|2,対戦終了,対戦終了
mj/vote_progress|0|3|0,賛成,賛成
mj/vote_progress|0|4|0,反対,反対
mj/win|1|6|0|1,流局満貫,流局満貫
mj/win|1|15|3,確認,確認
mj/win|1|19|0,累計イベントPT:,累計イベントPT:
mj/win|1|19|3,排名点数：,排名点数：
